-- MySQL dump 10.13  Distrib 5.6.24, for Win64 (x86_64)
--
-- Host: localhost    Database: ppmp
-- ------------------------------------------------------
-- Server version	5.5.5-10.3.8-MariaDB

/*!40101 SET @OLD_CHARACTER_SET_CLIENT=@@CHARACTER_SET_CLIENT */;
/*!40101 SET @OLD_CHARACTER_SET_RESULTS=@@CHARACTER_SET_RESULTS */;
/*!40101 SET @OLD_COLLATION_CONNECTION=@@COLLATION_CONNECTION */;
/*!40101 SET NAMES utf8 */;
/*!40103 SET @OLD_TIME_ZONE=@@TIME_ZONE */;
/*!40103 SET TIME_ZONE='+00:00' */;
/*!40014 SET @OLD_UNIQUE_CHECKS=@@UNIQUE_CHECKS, UNIQUE_CHECKS=0 */;
/*!40014 SET @OLD_FOREIGN_KEY_CHECKS=@@FOREIGN_KEY_CHECKS, FOREIGN_KEY_CHECKS=0 */;
/*!40101 SET @OLD_SQL_MODE=@@SQL_MODE, SQL_MODE='NO_AUTO_VALUE_ON_ZERO' */;
/*!40111 SET @OLD_SQL_NOTES=@@SQL_NOTES, SQL_NOTES=0 */;

--
-- Table structure for table `charge_to`
--

DROP TABLE IF EXISTS `charge_to`;
/*!40101 SET @saved_cs_client     = @@character_set_client */;
/*!40101 SET character_set_client = utf8 */;
CREATE TABLE `charge_to` (
  `id` int(10) unsigned NOT NULL AUTO_INCREMENT,
  `userid` text COLLATE utf8mb4_unicode_ci DEFAULT NULL,
  `division` text COLLATE utf8mb4_unicode_ci DEFAULT NULL,
  `section` text COLLATE utf8mb4_unicode_ci DEFAULT NULL,
  `description` text COLLATE utf8mb4_unicode_ci DEFAULT NULL,
  `beginning_balance` text COLLATE utf8mb4_unicode_ci DEFAULT NULL,
  `remaining_balance` text COLLATE utf8mb4_unicode_ci DEFAULT NULL,
  `datein` date DEFAULT NULL,
  `status` text COLLATE utf8mb4_unicode_ci DEFAULT NULL,
  `remember_token` varchar(100) COLLATE utf8mb4_unicode_ci DEFAULT NULL,
  `created_at` timestamp NULL DEFAULT NULL,
  `updated_at` timestamp NULL DEFAULT NULL,
  PRIMARY KEY (`id`)
) ENGINE=InnoDB AUTO_INCREMENT=7 DEFAULT CHARSET=utf8mb4 COLLATE=utf8mb4_unicode_ci;
/*!40101 SET character_set_client = @saved_cs_client */;

--
-- Dumping data for table `charge_to`
--

LOCK TABLES `charge_to` WRITE;
/*!40000 ALTER TABLE `charge_to` DISABLE KEYS */;
INSERT INTO `charge_to` VALUES (1,'0618','6','42','saa #90009090909','1000','0','1232-12-12','1',NULL,'2019-05-28 01:08:22','2019-05-28 01:08:22'),(2,'0135','6','12','saa #99988888888','1000000','0','2019-06-13','1',NULL,'2019-06-12 22:09:42','2019-06-12 22:09:42'),(3,'197900046','6','39','saa #90009090909','10000000','0','2019-06-13','1',NULL,'2019-06-13 00:25:51','2019-06-13 00:25:51'),(4,'201700264','4','40','sa #77777777','77777777777777','0','2019-06-24','1',NULL,'2019-06-13 21:31:37','2019-06-13 21:31:37'),(5,'201900282','6','14','sa #88888888','999999999999','0','2019-06-18','1',NULL,'2019-06-17 22:10:08','2019-06-17 22:10:08'),(6,'199000052','6','11','saa #999999999','9000000000','0','2019-06-04','1',NULL,'2019-06-18 16:43:09','2019-06-18 16:43:09');
/*!40000 ALTER TABLE `charge_to` ENABLE KEYS */;
UNLOCK TABLES;

--
-- Table structure for table `expense`
--

DROP TABLE IF EXISTS `expense`;
/*!40101 SET @saved_cs_client     = @@character_set_client */;
/*!40101 SET character_set_client = utf8 */;
CREATE TABLE `expense` (
  `id` int(10) unsigned NOT NULL AUTO_INCREMENT,
  `division` varchar(45) COLLATE utf8mb4_unicode_ci DEFAULT NULL,
  `code` text COLLATE utf8mb4_unicode_ci DEFAULT NULL,
  `description` text COLLATE utf8mb4_unicode_ci DEFAULT NULL,
  `status` text COLLATE utf8mb4_unicode_ci DEFAULT NULL,
  `remember_token` varchar(100) COLLATE utf8mb4_unicode_ci DEFAULT NULL,
  `created_at` timestamp NULL DEFAULT NULL,
  `updated_at` timestamp NULL DEFAULT NULL,
  PRIMARY KEY (`id`)
) ENGINE=InnoDB AUTO_INCREMENT=152 DEFAULT CHARSET=utf8mb4 COLLATE=utf8mb4_unicode_ci;
/*!40101 SET character_set_client = @saved_cs_client */;

--
-- Dumping data for table `expense`
--

LOCK TABLES `expense` WRITE;
/*!40000 ALTER TABLE `expense` DISABLE KEYS */;
INSERT INTO `expense` VALUES (1,'6','{\"A. CONSUMABLES:\":[\"1. COMMON-USE\\/REGULAR\\/STANDARD OFFICE SUPPLIES:\",\"2. TRAINING SUPPLIES:\",\"3. EQUIPMENT CONSUMABLES\"],\"B. NON-CONSUMABLE:\":[],\"C. OTHER COMMON-USE OFFICE SUPPLIES SPECIFICALLY USED ONLY BY CONCERNED SECTION\":[]}','I. OFFICE SUPPLIES',NULL,NULL,NULL,'2019-05-28 19:18:09'),(2,'6',NULL,'II. ACCOUNTABLE FORMS',NULL,NULL,NULL,NULL),(3,'6',NULL,'III. DRUGS AND MEDICINES',NULL,NULL,NULL,NULL),(4,'6',NULL,'IV. MEDICAL, DENTAL AND LABORATORY SUPPLIES',NULL,NULL,NULL,NULL),(5,'6',NULL,'V. FUEL, OIL AND LUBRICANTS (One Line - Amount Only - for the Whole Division)',NULL,NULL,NULL,NULL),(6,'6',NULL,'VI. SEMI-EXPENDABLE - OFFICE EQUIPMENT',NULL,NULL,NULL,NULL),(7,'6',NULL,'VII. SEMI-EXPENDABLE - ICT EQUIPMENT',NULL,NULL,NULL,NULL),(8,'6',NULL,'VIII. SEMI-EXPENDABLE - COMMUNICATION EQUIPMENT',NULL,NULL,NULL,NULL),(9,'6',NULL,'IX. SEMI-EXPENDABLE - DISASTER RESPONSE AND RESCUE EQUIPMENT',NULL,NULL,NULL,NULL),(10,'6',NULL,'X. SEMI-EXPENDABLE - MEDICAL EQUIPMENT',NULL,NULL,NULL,NULL),(11,'6',NULL,'XI. SEMI-EXPENDABLE - OTHER MACHINERY AND EQUIPMENT',NULL,NULL,NULL,NULL),(12,'6',NULL,'XII. SEMI-EXPENDABLE - FURNITURE AND FIXTURES',NULL,NULL,NULL,NULL),(13,'6',NULL,'XIII. SEMI-EXPENDABLE - BOOKS (One Line - Amount Only - for the Whole Division)',NULL,NULL,NULL,NULL),(14,'6',NULL,'XIV. OTHER SUPPLIES AND MATERIALS EXPENSE',NULL,NULL,NULL,NULL),(15,'6',NULL,'XV. POSTAGE AND COURIER SERVICES (One Line - Amount Only - for the Whole Division)',NULL,NULL,NULL,NULL),(16,'6',NULL,'XVI. TELEPHONE - MOBILE (One Line - Amount Only - for the Whole Division)',NULL,NULL,NULL,NULL),(17,'6',NULL,'XVII. TELEPHONE - LANDLINE (One Line - Amount Only - for the Whole Division)',NULL,NULL,NULL,NULL),(18,'6',NULL,'XVIII. INTERNET SUBSCRIPTION EXPENSES (One Line - Amount Only - for the Whole Division)',NULL,NULL,NULL,NULL),(19,'6',NULL,'XIX. CABLE, SATELLITE, TELEGRAPH AND RADIO EXPENSES (One Line - Amount Only - for the Whole Division)',NULL,NULL,NULL,NULL),(20,'6',NULL,'XX. AWARDS/REWARDS EXPENSES',NULL,NULL,NULL,NULL),(21,'6',NULL,'XXII. SURVEY EXPENSES (One Line - Amount Only - for the Whole Division)',NULL,NULL,NULL,NULL),(22,'6',NULL,'XXIII. LEGAL SERVICES (One Line - Amount Only - for the Whole Division)',NULL,NULL,NULL,NULL),(23,'6',NULL,'XIV. CONSULTANCY SERVICES (One Line - Amount Only - for the Whole Division)',NULL,NULL,NULL,NULL),(24,'6',NULL,'XV. JANITORIAL SERVICES (One Line - Amount Only - for the Whole Division)',NULL,NULL,NULL,NULL),(25,'6',NULL,'XVI. SECURITY SERVICES (One Line - Amount Only - for the Whole Division)',NULL,NULL,NULL,NULL),(26,'6',NULL,'XVII. OTHER GENERAL SERVICES (One Line - Amount Only - for the Whole Division)',NULL,NULL,NULL,NULL),(27,'6',NULL,'XVIII. REPAIR MAINTENANCE - BUILDINGS',NULL,NULL,NULL,NULL),(28,'6',NULL,'XXX. REPAIR MAINTENANCE - ICT EQUIPMENT',NULL,NULL,NULL,NULL),(29,'6',NULL,'XXXI. REPAIR MAINTENANCE - COMMUNICATION EQUIPMENT',NULL,NULL,NULL,NULL),(30,'6',NULL,'XXXII. REPAIR MAINTENANCE - DISASTER RESPONSE AND RESCUE EQUIPMENT',NULL,NULL,NULL,NULL),(31,'6',NULL,'XXXIII. REPAIR MAINTENANCE - OTHER MACHINERY AND EQUIPMENT',NULL,NULL,NULL,NULL),(32,'6',NULL,'XXXIV. REPAIR MAINTENANCE - MOTOR VEHICLE',NULL,NULL,NULL,NULL),(33,'6',NULL,'XXXV. REPAIR MAINTENANCE - FURNITURE AND FIXTURES',NULL,NULL,NULL,NULL),(34,'6',NULL,'XXXVI. REPAIR MAINTENANCE - SEMI-EXPENDABLE - OFFICE EQUIPMENT',NULL,NULL,NULL,NULL),(35,'6',NULL,'XXXVII. REPAIR MAINTENANCE - SEMI-EXPENDABLE - ICT EQUIPMENT',NULL,NULL,NULL,NULL),(36,'6',NULL,'XXXVIII. REPAIR MAINTENANCE - SEMI-EXPENDABLE - COMMUNICATION EQUIPMENT',NULL,NULL,NULL,NULL),(37,'6',NULL,'XXXIX. REPAIR MAINTENANCE - SEMI-EXPENDABLE - DISASTER RESPONSE AND RESCUE EQUIPMENT',NULL,NULL,NULL,NULL),(38,'6',NULL,'XL. REPAIR MAINTENANCE - SEMI-EXPENDABLE - OTHER MACHINERY AND EQUIPMENT',NULL,NULL,NULL,NULL),(39,'6',NULL,'XLI. REPAIR MAINTENANCE - SEMI-EXPENDABLE - FURNITURE AND FIXTURES',NULL,NULL,NULL,NULL),(40,'6',NULL,'XLII.  ADVERTISING EXPENSES',NULL,NULL,NULL,NULL),(41,'6',NULL,'XLIII. PRINTING AND PUBLICATION EXPENSES',NULL,NULL,NULL,NULL),(42,'6',NULL,'XLIV.TRANSPORTATION AND DELIVERY EXPENSES (One Line - Amount Only - for the Whole Division)',NULL,NULL,NULL,NULL),(43,'6',NULL,'XLV. RENT - BUILDING AND STRUCTURES (One Line - Amount Only - for the Whole Division)',NULL,NULL,NULL,NULL),(44,'6',NULL,'XLVI. RENT - MOTOR VEHICLE (One Line - Amount Only - for the Whole Division)',NULL,NULL,NULL,NULL),(45,'6',NULL,'XLVII. RENT - EQUIPMENT',NULL,NULL,NULL,NULL),(46,'6',NULL,'XLVIII. RENT - ICT MACHINERY AND EQUIPMENT',NULL,NULL,NULL,NULL),(47,'6',NULL,'L. REPRESENTATION EXPENSES',NULL,NULL,NULL,NULL),(48,'6',NULL,'LI. TRAINING EXPENSES',NULL,NULL,NULL,NULL),(49,'4',NULL,'Procurement of Office Supplies',NULL,NULL,NULL,NULL),(50,'4',NULL,'OTHER SUPPLIES',NULL,NULL,NULL,NULL),(51,'4',NULL,'LEGAL SERVICES',NULL,NULL,NULL,NULL),(52,'4',NULL,'DRUGS AND MEDICINES TOTAL',NULL,NULL,NULL,NULL),(53,'4',NULL,'Procurement of Fuel, Oil and Lubricants',NULL,NULL,NULL,NULL),(54,'4',NULL,'Payment of Semi-Expandable Office Equipment',NULL,NULL,NULL,NULL),(55,'4',NULL,'Payment of Semi-Expandable ICT Equipment',NULL,NULL,NULL,NULL),(56,'4',NULL,'Payment of Semi-Expandable Medical Equipment',NULL,NULL,NULL,NULL),(57,'4',NULL,'Payment of Semi-Expandable Other Machinery and Equipment',NULL,NULL,NULL,NULL),(58,'4',NULL,'Payment of Semi-Expandable Furniture and Fixtures',NULL,NULL,NULL,NULL),(59,'4',NULL,'Payment of Semi-Expandable Books',NULL,NULL,NULL,NULL),(60,'4',NULL,'Payment of Postage and Deliveries',NULL,NULL,NULL,NULL),(61,'4',NULL,'Payment of Telephone- Mobile',NULL,NULL,NULL,NULL),(62,'4',NULL,'Payment of Landline',NULL,NULL,NULL,NULL),(63,'4',NULL,'Payment of Internet subscription',NULL,NULL,NULL,NULL),(64,'4',NULL,'Payment of Cable, Satellite, Telegraph and Radio Expenses',NULL,NULL,NULL,NULL),(65,'4',NULL,'Awards/ Rewards Expenses',NULL,NULL,NULL,NULL),(66,'4',NULL,'Payment of Other General Services',NULL,NULL,NULL,NULL),(67,'4',NULL,'Payment of Security Services',NULL,NULL,NULL,NULL),(68,'4',NULL,'Repair and Maint.: Building',NULL,NULL,NULL,NULL),(69,'4',NULL,'Repair and Maint.: Office Equipment',NULL,NULL,NULL,NULL),(70,'4',NULL,'Repair and Maint.: ICT Equipment',NULL,NULL,NULL,NULL),(71,'4',NULL,'Repair and Maint.: Other Machinery and Equipment',NULL,NULL,NULL,NULL),(72,'4',NULL,'Repair and Maint.: Motor Vehicles',NULL,NULL,NULL,NULL),(73,'4',NULL,'Repair and Maint.: Furniture and Fixtures',NULL,NULL,NULL,NULL),(74,'4',NULL,'Payment of Taxes duties and licenses',NULL,NULL,NULL,NULL),(75,'4',NULL,'Payment of Advertising Expenses',NULL,NULL,NULL,NULL),(76,'4',NULL,'Payment of Printing and Publication',NULL,NULL,NULL,NULL),(77,'4',NULL,'Representation Expenses',NULL,NULL,NULL,NULL),(78,'4',NULL,'Payment of Transportation and Delivery',NULL,NULL,NULL,NULL),(79,'4',NULL,'Rent- Building and Structures',NULL,NULL,NULL,NULL),(80,'4',NULL,'Rent- Motor Vehicles',NULL,NULL,NULL,NULL),(81,'4',NULL,'Rent- Equipment',NULL,NULL,NULL,NULL),(82,'4',NULL,'Procurement of Office Supplies',NULL,NULL,NULL,NULL),(83,'4',NULL,'OTHER SUPPLIES',NULL,NULL,NULL,NULL),(84,'4',NULL,'LEGAL SERVICES',NULL,NULL,NULL,NULL),(85,'4',NULL,'DRUGS AND MEDICINES TOTAL',NULL,NULL,NULL,NULL),(86,'4',NULL,'Procurement of Fuel, Oil and Lubricants',NULL,NULL,NULL,NULL),(87,'4',NULL,'Payment of Semi-Expandable Office Equipment',NULL,NULL,NULL,NULL),(88,'4',NULL,'Payment of Semi-Expandable ICT Equipment',NULL,NULL,NULL,NULL),(89,'4',NULL,'Payment of Semi-Expandable Medical Equipment',NULL,NULL,NULL,NULL),(90,'4',NULL,'Payment of Semi-Expandable Other Machinery and Equipment',NULL,NULL,NULL,NULL),(91,'4',NULL,'Payment of Semi-Expandable Furniture and Fixtures',NULL,NULL,NULL,NULL),(92,'4',NULL,'Payment of Semi-Expandable Books',NULL,NULL,NULL,NULL),(93,'4',NULL,'Payment of Postage and Deliveries',NULL,NULL,NULL,NULL),(94,'4',NULL,'Payment of Telephone- Mobile',NULL,NULL,NULL,NULL),(95,'4',NULL,'Payment of Landline',NULL,NULL,NULL,NULL),(96,'4',NULL,'Payment of Internet subscription',NULL,NULL,NULL,NULL),(97,'4',NULL,'Payment of Cable, Satellite, Telegraph and Radio Expenses',NULL,NULL,NULL,NULL),(98,'4',NULL,'Awards/ Rewards Expenses',NULL,NULL,NULL,NULL),(99,'4',NULL,'Payment of Other General Services',NULL,NULL,NULL,NULL),(100,'4',NULL,'Payment of Security Services',NULL,NULL,NULL,NULL),(101,'4',NULL,'Repair and Maint.: Building',NULL,NULL,NULL,NULL),(102,'4',NULL,'Repair and Maint.: Office Equipment',NULL,NULL,NULL,NULL),(103,'4',NULL,'Repair and Maint.: ICT Equipment',NULL,NULL,NULL,NULL),(104,'4',NULL,'Repair and Maint.: Other Machinery and Equipment',NULL,NULL,NULL,NULL),(105,'4',NULL,'Repair and Maint.: Motor Vehicles',NULL,NULL,NULL,NULL),(106,'4',NULL,'Repair and Maint.: Furniture and Fixtures',NULL,NULL,NULL,NULL),(107,'4',NULL,'Payment of Taxes duties and licenses',NULL,NULL,NULL,NULL),(108,'4',NULL,'Payment of Advertising Expenses',NULL,NULL,NULL,NULL),(109,'4',NULL,'Payment of Printing and Publication',NULL,NULL,NULL,NULL),(110,'4',NULL,'Representation Expenses',NULL,NULL,NULL,NULL),(111,'4',NULL,'Payment of Transportation and Delivery',NULL,NULL,NULL,NULL),(112,'4',NULL,'Rent- Building and Structures',NULL,NULL,NULL,NULL),(113,'4',NULL,'Rent- Motor Vehicles',NULL,NULL,NULL,NULL),(114,'4',NULL,'Rent- Equipment',NULL,NULL,NULL,NULL),(115,'4','{\"A. Venue, Meals and Accommodation\":[]}','LOCAL HEALTH SUPPORT DIVISION, OFFICE OF THE CHIEF',NULL,NULL,NULL,'2019-06-13 21:38:52'),(116,'4','{\"NATIONAL AIDS STI PREVENTION AND CONTROL PROGRAM\":[],\"EMERGING AND RE-EMERGING OF INFECTIOUS DISEASES (EREID) PROGRAM\":[],\"FOOD AND WATER-BORNE DISEASES PREVENTION AND CONTROL PROGRAM\":[],\"NATIONAL DENGUE PREVENTION AND CONTROL PROGRAM\":[],\"SOIL-TRANSMITTED HELMINTHIASIS CONTROL PROGRAM\":[],\"NATIONAL RABIES PREVENTION AND CONTROL PROGRAM\":[],\"NATIONAL MALARIA CONTROL AND ELIMINATION PROGRAM\":[],\"NATIONAL FILARIASIS ELIMINATION PROGRAM\":[],\"NATIONAL LEPROSY CONTROL PROGRAM\":[],\"NATIONAL SCHISTOSOMIASIS CONTROL AND ELIMINATION PROGRAM\":[],\"NATIONAL TUBERCULOSIS CONTROL PROGRAM\":[]}','COMMUNICABLE DISEASES SECTION (CDS)',NULL,NULL,NULL,'2019-06-13 22:28:34'),(117,'4','{\"Venue, Meals and Accommodation\":[]}','FAMILY HEALTH SECTION',NULL,NULL,NULL,'2019-06-13 22:35:34'),(118,'4','{\"Regionwide\":[]}','Safe Motherhood Program',NULL,NULL,NULL,'2019-06-13 22:36:23'),(119,'4','{\"Regionwide\":[]}','Newborn and Infant Health',NULL,NULL,NULL,'2019-06-13 22:36:43'),(120,'4','{\"Regionwide\":[]}','Barangay Health Worker',NULL,NULL,NULL,'2019-06-13 22:39:04'),(121,'4','{\"Cebu Province\":[],\"Bohol Province\":[],\"Negros Oriental Province\":[],\"Siquijor Province\":[],\"Cebu City\":[],\"Regionwide\":[]}','Oral Health Program',NULL,NULL,NULL,'2019-06-13 22:39:04'),(122,'4','{\"Cebu Province\":[],\"Bohol Province\":[],\"Negros Oriental and Siquijor\":[],\"Regionwide\":[]}','Micronutrient Supplementation Program, Nutritional Status Assessment/Growth Monitoring and Promotion',NULL,NULL,NULL,'2019-06-13 22:50:03'),(123,'4',NULL,'Philippine Integrated Management on Acute Malnutrition (PIMAM)',NULL,NULL,NULL,NULL),(124,'4','{\"Expanded Program on Immunization\":[\"Regionwide\"]}','Child Health Programs',NULL,NULL,NULL,'2019-06-13 22:50:03'),(125,'4','{\"Management of Sick Child\":[\"Integrated Management of Childhood Illnes\"]}','Newborn Screening Program',NULL,NULL,NULL,'2019-06-13 22:50:03'),(126,'4','{\"Venue, Meals and Accommodation\":[\"Environmental and Occupational Health Unit (EOHU)\",\"Hospital Operations Management Service (HOMS)\",\"Medicine Access Service Unit (MASU)\"]}','HEALTH FACILITIES DEVELOPMENT SECTION (HFDS)',NULL,NULL,NULL,'2019-06-13 22:50:03'),(127,'4',NULL,'HEALTH FACILITIES ENHANCEMENT SECTION (HFES)',NULL,NULL,NULL,NULL),(128,'4',NULL,'HEALTH HUMAN RESOURCES DEVELOPMENT UNIT (HHRDU)',NULL,NULL,NULL,NULL),(129,'4','{\"Venue, Meals and Accommodation\":[]}','HEALTH RESEARCH, DEVELOPMENT, INFORMATION AND PROMOTION SECTION (HRDIPS)',NULL,NULL,NULL,'2019-06-13 22:50:03'),(130,'4','{\"Health Leadership and Governance Program (HLGP)\":[],\"Provincial Leadership and Governance Program (PLGP)\":[],\"Municipal Leadership and Governance Program (MLGP)\":[]}','HEALTH SYSTEMS DEVELOPMENT SECTION (HSDS)',NULL,NULL,NULL,'2019-06-13 22:50:04'),(131,'4',NULL,'HEALTH SECTOR PERFORMANCE MONITORING UNIT (HSPMU)',NULL,NULL,NULL,NULL),(132,'4','{\"Prevention of Blindness Program\":[\"Cebu Province\",\"Negros Oriental and Siquijor Province\",\"Bohol Province\"],\"Violence and Injury Prevention Program\":[\"Regionwide\"],\"Tobacco Control Program\\t\":[\"Regionwide\"],\"Substance Abuse Program\":[\"Regionwide\"],\"Mental Health and Persons with Disabilities Program\":[\"Regionwide\"]}','NON- COMMUNICABLE DISEASES SECTION (NCDS) ',NULL,NULL,NULL,'2019-06-13 22:50:04'),(133,'4',NULL,'PDOH - BOHOL PROVINCE',NULL,NULL,NULL,NULL),(134,'4',NULL,'PDOH - CEBU PROVINCE',NULL,NULL,NULL,NULL),(135,'4',NULL,'PDOH - NEGROS ORIENTAL PROVINCE',NULL,NULL,NULL,NULL),(136,'4',NULL,'PDOH - NEGROS ORIENTAL PROVINCE',NULL,NULL,NULL,NULL),(137,'4',NULL,'PDOH - SIQUIJOR',NULL,NULL,NULL,NULL),(138,'4',NULL,'HEALTH SECTOR RESEARCH DEVELOPMENT (HSRD)',NULL,NULL,NULL,NULL),(139,'4',NULL,'HEALTH PROMOTION (HP)',NULL,NULL,NULL,NULL),(140,'4',NULL,'LOCAL HEALTH SYSTEMS DEVELOPMENT AND ASSISSTANCE (LHSDA)',NULL,NULL,NULL,NULL),(141,'4',NULL,'HUMAN RESOURCES FOR HEALTH AND INSTITUTIONAL CAPACITY MANAGEMENT (HRHICM)',NULL,NULL,NULL,NULL),(142,'4',NULL,'EPIDEMIOLOGY AND SURVEILLANCE (ES)',NULL,NULL,NULL,NULL),(143,'4','{\"Prevention of Blindness Program\":[\"Cebu Province\",\"Negros Oriental and Siquijor Province\",\"Bohol Province\"],\"Violence and Injury Prevention Program\":[\"Regionwide\"],\"Tobacco Control Program\\t\":[\"Regionwide\"],\"Substance Abuse Program\":[\"Regionwide\"],\"Mental Health and Persons with Disabilities Program\":[\"Regionwide\"]}','Regional Epidemiology and Surveillance Unit (RESU)',NULL,NULL,NULL,'2019-06-13 22:50:04'),(144,'4','{\"Venue, meals and accommodation\":[]}','FIELD HEALTH SERVICES INFORMATION SYSTEM (FHSIS)',NULL,NULL,NULL,'2019-06-13 22:50:04'),(145,'4',NULL,'HEALTH EMERGENCY PREPAREDNESS AND RESPONSE  (HEPR)',NULL,NULL,NULL,NULL),(146,'4','{\"Preparedness\":[],\"Response\":[]}','Health Emergency Management Services (HEMS)	',NULL,NULL,NULL,'2019-06-13 22:50:04'),(147,'4',NULL,'OPERATION OF BLOOD CENTERS AND NATIONAL VOLUNTARY BLOOD SERVICES PROGRAM (OBCNVBSP)',NULL,NULL,NULL,NULL),(148,'4',NULL,'Procurement of Medical, Dental and Laboratory Supplies',NULL,NULL,NULL,NULL),(149,'4',NULL,'Payment of Subscription Expense - ICT Software Subscription',NULL,NULL,NULL,NULL),(150,'4',NULL,'Payment of Other Maintenance and Operating Expenses',NULL,NULL,NULL,NULL),(151,NULL,NULL,'',NULL,NULL,NULL,NULL);
/*!40000 ALTER TABLE `expense` ENABLE KEYS */;
UNLOCK TABLES;

--
-- Table structure for table `item`
--

DROP TABLE IF EXISTS `item`;
/*!40101 SET @saved_cs_client     = @@character_set_client */;
/*!40101 SET character_set_client = utf8 */;
CREATE TABLE `item` (
  `id` int(10) unsigned NOT NULL AUTO_INCREMENT,
  `userid` varchar(45) COLLATE utf8mb4_unicode_ci DEFAULT NULL,
  `expense_id` varchar(45) COLLATE utf8mb4_unicode_ci DEFAULT NULL,
  `division` varchar(45) COLLATE utf8mb4_unicode_ci DEFAULT NULL,
  `section` varchar(45) COLLATE utf8mb4_unicode_ci DEFAULT NULL,
  `tranche` varchar(45) COLLATE utf8mb4_unicode_ci DEFAULT NULL,
  `code` text COLLATE utf8mb4_unicode_ci DEFAULT NULL,
  `description` text COLLATE utf8mb4_unicode_ci DEFAULT NULL,
  `unit_measurement` text COLLATE utf8mb4_unicode_ci DEFAULT NULL,
  `qty` text COLLATE utf8mb4_unicode_ci DEFAULT NULL,
  `unit_cost` text COLLATE utf8mb4_unicode_ci DEFAULT NULL,
  `estimated_budget` text COLLATE utf8mb4_unicode_ci DEFAULT NULL,
  `mode_procurement` text COLLATE utf8mb4_unicode_ci DEFAULT NULL,
  `jan` text COLLATE utf8mb4_unicode_ci DEFAULT NULL,
  `feb` text COLLATE utf8mb4_unicode_ci DEFAULT NULL,
  `mar` text COLLATE utf8mb4_unicode_ci DEFAULT NULL,
  `apr` text COLLATE utf8mb4_unicode_ci DEFAULT NULL,
  `may` text COLLATE utf8mb4_unicode_ci DEFAULT NULL,
  `jun` text COLLATE utf8mb4_unicode_ci DEFAULT NULL,
  `jul` text COLLATE utf8mb4_unicode_ci DEFAULT NULL,
  `aug` text COLLATE utf8mb4_unicode_ci DEFAULT NULL,
  `sep` text COLLATE utf8mb4_unicode_ci DEFAULT NULL,
  `oct` text COLLATE utf8mb4_unicode_ci DEFAULT NULL,
  `nov` text COLLATE utf8mb4_unicode_ci DEFAULT NULL,
  `dec` text COLLATE utf8mb4_unicode_ci DEFAULT NULL,
  `status` varchar(45) COLLATE utf8mb4_unicode_ci DEFAULT NULL,
  `remember_token` varchar(100) COLLATE utf8mb4_unicode_ci DEFAULT NULL,
  `created_at` timestamp NULL DEFAULT NULL,
  `updated_at` timestamp NULL DEFAULT NULL,
  PRIMARY KEY (`id`),
  KEY `userid` (`userid`),
  KEY `expense_id` (`expense_id`),
  KEY `tranche` (`tranche`),
  KEY `status` (`status`)
) ENGINE=InnoDB AUTO_INCREMENT=1204 DEFAULT CHARSET=utf8mb4 COLLATE=utf8mb4_unicode_ci;
/*!40101 SET character_set_client = @saved_cs_client */;

--
-- Dumping data for table `item`
--

LOCK TABLES `item` WRITE;
/*!40000 ALTER TABLE `item` DISABLE KEYS */;
INSERT INTO `item` VALUES (1,'0454','1','6',NULL,'1-A-1','2019-00008','Clip - Backfold - 1\"','pcs','60','2000','120000','1','5','5','5','5','5','5','5','5','5','5','5','5','inactivate',NULL,NULL,'2019-06-17 21:30:10'),(2,'0618','1','6',NULL,'1-A-1',NULL,'Clip - Backfold - 2\"','pcs','60','2000','120000','1','5','5','5','5','5','5','5','5','5','5','5','5','inactivate',NULL,NULL,'2019-06-17 21:30:10'),(3,'0618','1','6',NULL,'1-A-1',NULL,'Clip - Paper, 32mm, 100','pcs','60','2000','120000','1','5','5','5','5','5','5','5','5','5','5','5','5','inactivate',NULL,NULL,'2019-06-17 21:30:10'),(4,'0618','1','6',NULL,'1-A-1',NULL,'Clip - Paper, 48mm, 100','pcs','60','2000','120000','1','5','5','5','5','5','5','5','5','5','5','5','5','inactivate',NULL,NULL,'2019-06-17 21:30:10'),(5,'0618','1','6',NULL,'1-A-1',NULL,'Data Filer/Magazine Holder Box, 15 3/4 x 4 1/2 x 9 - Blue','pcs','60','2000','120000','1','5','5','5','5','5','5','5','5','5','5','5','5','inactivate',NULL,NULL,'2019-06-17 21:30:10'),(6,'0618','1','6',NULL,'1-A-1',NULL,'Data Filer/Magazine Holder Box, 15 3/4 x 4 1/2 x 9 - Green','pcs','60','2000','120000','1','5','5','5','5','5','5','5','5','5','5','5','5','inactivate',NULL,NULL,'2019-06-17 21:30:10'),(7,'0618','1','6',NULL,'1-A-1',NULL,'Data Filer/Magazine Holder Box, 15 3/4 x 4 1/2 x 9 - Red','pcs','60','2000','120000','1','5','5','5','5','5','5','5','5','5','5','5','5','inactivate',NULL,NULL,'2019-06-17 21:30:10'),(8,'0618','1','6',NULL,'1-A-1',NULL,'Envelope - Brown, Long','pcs','60','2000','120000','1','5','5','5','5','5','5','5','5','5','5','5','5','inactivate',NULL,NULL,'2019-06-17 21:30:10'),(9,'0618','1','6',NULL,'1-A-1',NULL,'Envelope - Expanding, Long with garter','pcs','60','2000','120000','1','5','5','5','5','5','5','5','5','5','5','5','5','inactivate',NULL,NULL,'2019-06-17 21:30:10'),(10,'0618','1','6',NULL,'1-A-1',NULL,'Envelope - Mailing/Letter, Long, White, 500','pcs','60','2000','120000','1','5','5','5','5','5','5','5','5','5','5','5','5','inactivate',NULL,NULL,'2019-06-17 21:30:10'),(11,'0618','1','6',NULL,'1-A-1',NULL,'Envelope - Mailing/Letter, Window, Long, White, 500','pcs','60','2000','120000','1','5','5','5','5','5','5','5','5','5','5','5','5','inactivate',NULL,NULL,'2019-06-17 21:30:10'),(12,'0618','1','6',NULL,'1-A-1',NULL,'Fastener - Plastic, 50','pcs','60','2000','120000','1','5','5','5','5','5','5','5','5','5','5','5','5','inactivate',NULL,NULL,'2019-06-17 21:30:10'),(13,'0618','1','6',NULL,'1-A-1',NULL,'Fastener - Screw type 4','pcs','60','2000','120000','1','5','5','5','5','5','5','5','5','5','5','5','5','inactivate',NULL,NULL,'2019-06-17 21:30:10'),(14,'0618','1','6',NULL,'1-A-1',NULL,'Fastener - Screw type 3','pcs','60','2000','120000','1','5','5','5','5','5','5','5','5','5','5','5','5','inactivate',NULL,NULL,'2019-06-17 21:30:10'),(15,'0618','1','6',NULL,'1-A-1',NULL,'Fastener - Screw type 2','pcs','60','2000','120000','1','5','5','5','5','5','5','5','5','5','5','5','5','inactivate',NULL,NULL,'2019-06-17 21:30:10'),(16,'0618','1','6',NULL,'1-A-1',NULL,'Fastener - Screw type 1','pcs','60','2000','120000','1','5','5','5','5','5','5','5','5','5','5','5','5','inactivate',NULL,NULL,'2019-06-17 21:30:11'),(17,'0618','1','6',NULL,'1-A-1',NULL,'Folder - Long, White, 14 pts.','pcs','60','2000','120000','1','5','5','5','5','5','5','5','5','5','5','5','5','inactivate',NULL,NULL,'2019-06-17 21:30:11'),(18,'0618','1','6',NULL,'1-A-1',NULL,'Glue - All Purpose, 130g','pcs','60','2000','120000','1','5','5','5','5','5','5','5','5','5','5','5','5','inactivate',NULL,NULL,'2019-06-17 21:30:11'),(19,'0618','1','6',NULL,'1-A-1',NULL,'Ink - Stamp Pad, 50ml, violet','pcs','60','2000','120000','1','5','5','5','5','5','5','5','5','5','5','5','5','inactivate',NULL,NULL,'2019-06-17 21:30:11'),(20,'0618','1','6',NULL,'1-A-1',NULL,'Note Pad Stick-on  3\" x  4\", 100 sheets/pad','pcs','60','2000','120000','1','5','5','5','5','5','5','5','5','5','5','5','5','inactivate',NULL,NULL,'2019-06-17 21:30:11'),(21,'0618','1','6',NULL,'1-A-1',NULL,'Paper - Bondpaper, A4, Substance 20','pcs','60','2000','120000','1','5','5','5','5','5','5','5','5','5','5','5','5','inactivate',NULL,NULL,'2019-06-17 21:30:11'),(22,'0618','1','6',NULL,'1-A-1',NULL,'Paper - Bondpaper, Long, Substance 20','pcs','60','2000','120000','1','5','5','5','5','5','5','5','5','5','5','5','5','inactivate',NULL,NULL,'2019-06-17 21:30:11'),(23,'0618','1','6',NULL,'1-A-1',NULL,'Paper - Fax, 216mm x 30mm','pcs','60','2000','120000','1','5','5','5','5','5','5','5','5','5','5','5','5','inactivate',NULL,NULL,'2019-06-17 21:30:11'),(24,'0618','1','6',NULL,'1-A-1',NULL,'Paper - Laid, 8 1/2\"x11\", 500','pcs','60','2000','120000','1','5','5','5','5','5','5','5','5','5','5','5','5','inactivate',NULL,NULL,'2019-06-17 21:30:11'),(25,'0618','1','6',NULL,'1-A-1',NULL,'Pen - Ballpen, Black','pcs','60','2000','120000','1','5','5','5','5','5','5','5','5','5','5','5','5','inactivate',NULL,NULL,'2019-06-17 21:30:11'),(26,'0618','1','6',NULL,'1-A-1',NULL,'Pen - Ballpen, Blue','pcs','60','2000','120000','1','5','5','5','5','5','5','5','5','5','5','5','5','inactivate',NULL,NULL,'2019-06-17 21:30:11'),(27,'0618','1','6',NULL,'1-A-1',NULL,'Pen - Ballpen, Green','pcs','60','2000','120000','1','5','5','5','5','5','5','5','5','5','5','5','5','inactivate',NULL,NULL,'2019-06-17 21:30:11'),(28,'0618','1','6',NULL,'1-A-1',NULL,'Pen - Ballpen, Red (COA Only)','pcs','60','2000','120000','1','5','5','5','5','5','5','5','5','5','5','5','5','inactivate',NULL,NULL,'2019-06-17 21:30:11'),(29,'0618','1','6',NULL,'1-A-1',NULL,'Pen - Highlighter, Neon Green/Yellow','pcs','60','2000','120000','1','5','5','5','5','5','5','5','5','5','5','5','5','inactivate',NULL,NULL,'2019-06-17 21:30:11'),(30,'0618','1','6',NULL,'1-A-1',NULL,'Pen - Marker, Permanent, Broad, Black','pcs','60','2000','120000','1','5','5','5','5','5','5','5','5','5','5','5','5','inactivate',NULL,NULL,'2019-06-17 21:30:11'),(31,'0618','1','6',NULL,'1-A-1',NULL,'Pen - Marker, Permanent, Broad, Blue','pcs','60','2000','120000','1','5','5','5','5','5','5','5','5','5','5','5','5','inactivate',NULL,NULL,'2019-06-17 21:30:11'),(32,'0618','1','6',NULL,'1-A-1',NULL,'Pen - Marker, Permanent, Broad, Red','pcs','60','2000','120000','1','5','5','5','5','5','5','5','5','5','5','5','5','inactivate',NULL,NULL,'2019-06-17 21:30:11'),(33,'0618','1','6',NULL,'1-A-1',NULL,'Pen - Signpen, 0.5 MM, Black','pcs','60','2000','120000','1','5','5','5','5','5','5','5','5','5','5','5','5','inactivate',NULL,NULL,'2019-06-17 21:30:11'),(34,'0618','1','6',NULL,'1-A-1',NULL,'Pen - Signpen, 0.5 MM, Blue','pcs','60','2000','120000','1','5','5','5','5','5','5','5','5','5','5','5','5','inactivate',NULL,NULL,'2019-06-17 21:30:11'),(35,'0618','1','6',NULL,'1-A-1',NULL,'Record Book - 150 Leaves, smyth sewn','pcs','60','2000','120000','1','5','5','5','5','5','5','5','5','5','5','5','5','inactivate',NULL,NULL,'2019-06-17 21:30:11'),(36,'0618','1','6',NULL,'1-A-1',NULL,'Record Book - 300 Leaves, smyth sewn','pcs','60','2000','120000','1','5','5','5','5','5','5','5','5','5','5','5','5','inactivate',NULL,NULL,'2019-06-17 21:30:11'),(37,'0618','1','6',NULL,'1-A-1',NULL,'Rubberband, 350 grams','pcs','60','2000','120000','1','5','5','5','5','5','5','5','5','5','5','5','5','inactivate',NULL,NULL,'2019-06-17 21:30:11'),(38,'0618','1','6',NULL,'1-A-1',NULL,'Staple Wire - # 35','pcs','60','2000','120000','1','5','5','5','5','5','5','5','5','5','5','5','5','inactivate',NULL,NULL,'2019-06-17 21:30:11'),(39,'0618','1','6',NULL,'1-A-1',NULL,'Staple Wire - # 23 x 10','pcs','60','2000','120000','1','5','5','5','5','5','5','5','5','5','5','5','5','inactivate',NULL,NULL,'2019-06-17 21:30:12'),(40,'0618','1','6',NULL,'1-A-1',NULL,'Tape - Masking, 1\", 25m','pcs','60','2000','120000','1','5','5','5','5','5','5','5','5','5','5','5','5','inactivate',NULL,NULL,'2019-06-17 21:30:12'),(41,'0618','1','6',NULL,'1-A-1',NULL,'Tape - Masking, 2\", 25m','pcs','60','2000','120000','1','5','5','5','5','5','5','5','5','5','5','5','5','inactivate',NULL,NULL,'2019-06-17 21:30:12'),(42,'0618','1','6',NULL,'1-A-1',NULL,'Tape - Masking, 2\", 50m','pcs','60','2000','120000','1','5','5','5','5','5','5','5','5','5','5','5','5','inactivate',NULL,NULL,'2019-06-17 21:30:12'),(43,'0618','1','6',NULL,'1-A-1',NULL,'Tape - Transparent, 1\", 50m','pcs','60','2000','120000','1','5','5','5','5','5','5','5','5','5','5','5','5','inactivate',NULL,NULL,'2019-06-17 21:30:12'),(44,'0618','1','6',NULL,'1-A-1',NULL,'Tape - Transparent, 2\", 25m','pcs','60','2000','120000','1','5','5','5','5','5','5','5','5','5','5','5','5','inactivate',NULL,NULL,'2019-06-17 21:30:12'),(45,'0618','1','6',NULL,'1-A-1',NULL,'USB 16 GB','pcs','60','2000','120000','1','5','5','5','5','5','5','5','5','5','5','5','5','inactivate',NULL,NULL,'2019-06-17 21:30:12'),(46,'0618','1','6',NULL,'1-A-2',NULL,'Cartolina, Assorted Color, 78 gsm min','pcs','60','2000','120000','1','5','5','5','5','5','5','5','5','5','5','5','5','inactivate',NULL,NULL,'2019-06-17 21:30:12'),(47,'0618','1','6',NULL,'1-A-2',NULL,'Cartolina, White, 99 gsm min','pcs','60','2000','120000','1','5','5','5','5','5','5','5','5','5','5','5','5','inactivate',NULL,NULL,'2019-06-17 21:30:12'),(48,'0618','1','6',NULL,'1-A-2',NULL,'Eraser - Whiteboard, Felt','pcs','60','2000','120000','1','5','5','5','5','5','5','5','5','5','5','5','5','inactivate',NULL,NULL,'2019-06-17 21:30:12'),(49,'0618','1','6',NULL,'1-A-2',NULL,'ID Sling - Garterized with name tags (landscape)','pcs','60','2000','120000','1','5','5','5','5','5','5','5','5','5','5','5','5','inactivate',NULL,NULL,'2019-06-17 21:30:12'),(50,'0618','1','6',NULL,'1-A-2',NULL,'Manila Paper, 36\" x 48\", Pre-cut','pcs','60','2000','120000','1','5','5','5','5','5','5','5','5','5','5','5','5','inactivate',NULL,NULL,'2019-06-17 21:30:12'),(51,'0618','1','6',NULL,'1-A-2',NULL,'Metacards (4 colors) 100','pcs','60','2000','120000','1','5','5','5','5','5','5','5','5','5','5','5','5','inactivate',NULL,NULL,'2019-06-17 21:30:12'),(52,'0618','1','6',NULL,'1-A-2',NULL,'Pen - Whiteboard, Fine, Black','pcs','60','2000','120000','1','5','5','5','5','5','5','5','5','5','5','5','5','inactivate',NULL,NULL,'2019-06-17 21:30:12'),(53,'0618','1','6',NULL,'1-A-2',NULL,'Pen - Whiteboard, Fine, Blue','pcs','60','2000','120000','1','5','5','5','5','5','5','5','5','5','5','5','5','inactivate',NULL,NULL,'2019-06-17 21:30:12'),(54,'0618','1','6',NULL,'1-A-2',NULL,'Pen - Whiteboard, Fine, Green','pcs','60','2000','120000','1','5','5','5','5','5','5','5','5','5','5','5','5','inactivate',NULL,NULL,'2019-06-17 21:30:12'),(55,'0618','1','6',NULL,'1-A-2',NULL,'Pen - Whiteboard, Fine, Red','pcs','60','2000','120000','1','5','5','5','5','5','5','5','5','5','5','5','5','inactivate',NULL,NULL,'2019-06-17 21:30:12'),(56,'0618','1','6',NULL,'1-A-3',NULL,'Ink - Duplicating Machine','pcs','60','2000','120000','1','5','5','5','5','5','5','5','5','5','5','5','5','inactivate',NULL,NULL,'2019-06-17 21:30:12'),(57,'0618','1','6',NULL,'1-A-3',NULL,'Master Roll - Duplicating Machine','pcs','60','2000','120000','1','5','5','5','5','5','5','5','5','5','5','5','5','inactivate',NULL,NULL,'2019-06-17 21:30:12'),(58,'0618','1','6',NULL,'1-A-3',NULL,'Developer - Copier','pcs','60','2000','120000','1','5','5','5','5','5','5','5','5','5','5','5','5','inactivate',NULL,NULL,'2019-06-17 21:30:12'),(59,'0618','1','6',NULL,'1-A-3',NULL,'Drum - Copier','pcs','60','2000','120000','1','5','5','5','5','5','5','5','5','5','5','5','5','inactivate',NULL,NULL,'2019-06-17 21:30:12'),(60,'0618','1','6',NULL,'1-A-3',NULL,'Toner - Copier','pcs','60','2000','120000','1','5','5','5','5','5','5','5','5','5','5','5','5','inactivate',NULL,NULL,'2019-06-17 21:30:12'),(61,'0618','1','6',NULL,'1-A-3',NULL,'Toner - Computer Printer','pcs','60','2000','120000','1','5','5','5','5','5','5','5','5','5','5','5','5','inactivate',NULL,NULL,'2019-06-17 21:30:12'),(62,'0618','1','6',NULL,'1-B',NULL,'Calculator, 12 digits, dual power','pcs','60','2000','120000','1','5','5','5','5','5','5','5','5','5','5','5','5','inactivate',NULL,NULL,'2019-06-17 21:30:13'),(63,'0618','1','6',NULL,'1-B',NULL,'Puncher, Heavy Duty, 2 Hole','pcs','60','2000','120000','1','5','5','5','5','5','5','5','5','5','5','5','5','inactivate',NULL,NULL,'2019-06-17 21:30:13'),(64,'0618','1','6',NULL,'1-B',NULL,'Ruler, 12\", Plastic, Transparent','pcs','60','2000','120000','1','5','5','5','5','5','5','5','5','5','5','5','5','inactivate',NULL,NULL,'2019-06-17 21:30:13'),(65,'0618','1','6',NULL,'1-B',NULL,'Scissors, 8\", Metal Handle','pcs','60','2000','120000','1','5','5','5','5','5','5','5','5','5','5','5','5','inactivate',NULL,NULL,'2019-06-17 21:30:13'),(66,'0618','1','6',NULL,'1-B',NULL,'Sharpener, Table Type, Heavy Duty','pcs','60','2000','120000','1','5','5','5','5','5','5','5','5','5','5','5','5','inactivate',NULL,NULL,'2019-06-17 21:30:13'),(67,'0618','1','6',NULL,'1-B',NULL,'Stamp Pad, 3\" x 5\"','pcs','60','2000','120000','1','5','5','5','5','5','5','5','5','5','5','5','5','inactivate',NULL,NULL,'2019-06-17 21:30:13'),(68,'0618','1','6',NULL,'1-B',NULL,'Stapler with Staple Remover # 35, Heavy Duty','pcs','60','2000','120000','1','5','5','5','5','5','5','5','5','5','5','5','5','inactivate',NULL,NULL,'2019-06-17 21:30:13'),(69,'0618','1','6',NULL,'1-B',NULL,'Stapler, Heavy Duty, 23/6 - 23/24mm staples, maximum paper 210 sheets','pcs','60','2000','120000','1','5','5','5','5','5','5','5','5','5','5','5','5','inactivate',NULL,NULL,'2019-06-17 21:30:13'),(70,'0618','1','6',NULL,'1-B',NULL,'Wire, Extension, 5 meters, 3 gangs','pcs','60','2000','120000','1','5','5','5','5','5','5','5','5','5','5','5','5','inactivate',NULL,NULL,'2019-06-17 21:30:13'),(71,'0618','1','6',NULL,'1-B',NULL,'USB Wireless Laser Pointer Presenter, USB 3.0/USB 2.0, 10m away, function page up and down','pcs','60','2000','120000','1','5','5','5','5','5','5','5','5','5','5','5','5','inactivate',NULL,NULL,'2019-06-17 21:30:13'),(72,'0618','2','6',NULL,NULL,NULL,'Check book/blank check, MDS','pcs','60','2000','120000',NULL,'5','5','5','5','5','5','5','5','5','5','5','5','inactivate',NULL,NULL,'2019-06-16 17:05:58'),(73,'0618','2','6',NULL,NULL,NULL,'Check book/blank check, TF','pcs','60','2000','120000',NULL,'5','5','5','5','5','5','5','5','5','5','5','5','inactivate',NULL,NULL,'2019-06-16 17:05:58'),(74,'0618','2','6',NULL,NULL,NULL,'Official Receipt','pcs','60','2000','120000',NULL,'5','5','5','5','5','5','5','5','5','5','5','5','inactivate',NULL,NULL,'2019-06-16 17:05:58'),(75,'0618','6','6',NULL,NULL,NULL,'Airconditioning Unit, window type, 1hp','unit','60','2000','120000',NULL,'5','5','5','5','5','5','5','5','5','5','5','5','inactivate',NULL,NULL,'2019-06-16 17:05:58'),(76,'0618','6','6',NULL,NULL,NULL,'Camera, Digital','unit','60','2000','120000',NULL,'5','5','5','5','5','5','5','5','5','5','5','5','inactivate',NULL,NULL,'2019-06-16 17:05:58'),(77,'0618','6','6',NULL,NULL,NULL,'Electric Fan','unit','60','2000','120000',NULL,'5','5','5','5','5','5','5','5','5','5','5','5','inactivate',NULL,NULL,'2019-06-16 17:05:58'),(78,'0618','6','6',NULL,NULL,NULL,'Fax Machine','unit','60','2000','120000',NULL,'5','5','5','5','5','5','5','5','5','5','5','5','inactivate',NULL,NULL,'2019-06-16 17:05:58'),(79,'0618','7','6',NULL,NULL,NULL,'Automatic Voltage Regulator',NULL,'60','2000','120000',NULL,'5','5','5','5','5','5','5','5','5','5','5','5','inactivate',NULL,NULL,'2019-06-16 17:05:58'),(80,'0618','7','6',NULL,NULL,NULL,'Computer Desk Top (whole set)',NULL,'60','2000','120000',NULL,'5','5','5','5','5','5','5','5','5','5','5','5','inactivate',NULL,NULL,'2019-06-16 17:05:58'),(81,'0618','7','6',NULL,NULL,NULL,'Central Processing Unit',NULL,'60','2000','120000',NULL,'5','5','5','5','5','5','5','5','5','5','5','5','inactivate',NULL,NULL,'2019-06-16 17:05:58'),(82,'0618','7','6',NULL,NULL,NULL,'Keyboard',NULL,'60','2000','120000',NULL,'5','5','5','5','5','5','5','5','5','5','5','5','inactivate',NULL,NULL,'2019-06-16 17:05:59'),(83,'0618','7','6',NULL,NULL,NULL,'Laptop',NULL,'60','2000','120000',NULL,'5','5','5','5','5','5','5','5','5','5','5','5','inactivate',NULL,NULL,'2019-06-16 17:05:59'),(84,'0618','7','6',NULL,NULL,NULL,'Monitor',NULL,'60','2000','120000',NULL,'5','5','5','5','5','5','5','5','5','5','5','5','inactivate',NULL,NULL,'2019-06-16 17:05:59'),(85,'0618','7','6',NULL,NULL,NULL,'Mouse',NULL,'60','2000','120000',NULL,'5','5','5','5','5','5','5','5','5','5','5','5','inactivate',NULL,NULL,'2019-06-16 17:05:59'),(86,'0618','7','6',NULL,NULL,NULL,'Notebook',NULL,'60','2000','120000',NULL,'5','5','5','5','5','5','5','5','5','5','5','5','inactivate',NULL,NULL,'2019-06-16 17:05:59'),(87,'0618','7','6',NULL,NULL,NULL,'Printer with Scanner and Copier',NULL,'60','2000','120000',NULL,'5','5','5','5','5','5','5','5','5','5','5','5','inactivate',NULL,NULL,'2019-06-16 17:05:59'),(88,'0618','7','6',NULL,NULL,NULL,'Uninterrupted Power Supply',NULL,'60','2000','120000',NULL,'5','5','5','5','5','5','5','5','5','5','5','5','inactivate',NULL,NULL,'2019-06-16 17:05:59'),(89,'0618','7','6',NULL,NULL,NULL,'Wireless Router',NULL,'60','2000','120000',NULL,'5','5','5','5','5','5','5','5','5','5','5','5','inactivate',NULL,NULL,'2019-06-16 17:05:59'),(90,'0050','8','6',NULL,NULL,NULL,'Handheld Two-Way Radio',NULL,'60','2000','120000',NULL,'5','5','5','5','5','5','5','5','5','5','5','5','inactivate',NULL,NULL,'2019-06-16 17:05:59'),(91,'0050','10','6',NULL,NULL,NULL,'BP Apparatus',NULL,'60','2000','120000',NULL,'5','5','5','5','5','5','5','5','5','5','5','5','inactivate',NULL,NULL,'2019-06-16 17:05:59'),(92,'0050','11','6',NULL,NULL,NULL,'Compressor',NULL,'60','2000','120000',NULL,'5','5','5','5','5','5','5','5','5','5','5','5','inactivate',NULL,NULL,'2019-06-16 17:05:59'),(93,'0050','12','6',NULL,NULL,NULL,'Chair',NULL,'60','2000','120000',NULL,'5','5','5','5','5','5','5','5','5','5','5','5','inactivate',NULL,NULL,'2019-06-16 17:05:59'),(94,'0050','12','6',NULL,NULL,NULL,'Table',NULL,'60','2000','120000',NULL,'5','5','5','5','5','5','5','5','5','5','5','5','inactivate',NULL,NULL,'2019-06-16 17:05:59'),(95,'0050','14','6',NULL,NULL,NULL,'Chemicals',NULL,'60','2000','120000',NULL,'5','5','5','5','5','5','5','5','5','5','5','5','inactivate',NULL,NULL,'2019-06-16 17:05:59'),(96,'0050','14','6',NULL,NULL,NULL,'Jacket',NULL,'60','2000','120000',NULL,'5','5','5','5','5','5','5','5','5','5','5','5','inactivate',NULL,NULL,'2019-06-16 17:05:59'),(97,'0050','14','6',NULL,NULL,NULL,'Tarpaulins',NULL,'60','2000','120000',NULL,'5','5','5','5','5','5','5','5','5','5','5','5','inactivate',NULL,NULL,'2019-06-16 17:05:59'),(98,'0050','14','6',NULL,NULL,NULL,'T-shirts',NULL,'60','2000','120000',NULL,'5','5','5','5','5','5','5','5','5','5','5','5','inactivate',NULL,NULL,'2019-06-16 17:05:59'),(99,'0050','20','6',NULL,NULL,NULL,'Frames',NULL,'60','2000','120000',NULL,'5','5','5','5','5','5','5','5','5','5','5','5','inactivate',NULL,NULL,'2019-06-16 17:05:59'),(100,'0050','20','6',NULL,NULL,NULL,'Plaques',NULL,'60','2000','120000',NULL,'5','5','5','5','5','5','5','5','5','5','5','5','inactivate',NULL,NULL,'2019-06-16 17:05:59'),(101,'0050','20','6',NULL,NULL,NULL,'Rings',NULL,'60','2000','120000',NULL,'5','5','5','5','5','5','5','5','5','5','5','5','inactivate',NULL,NULL,'2019-06-16 17:05:59'),(102,'0050','27','6',NULL,NULL,NULL,'Ceiling',NULL,'60','2000','120000',NULL,'5','5','5','5','5','5','5','5','5','5','5','5','inactivate',NULL,NULL,'2019-06-16 17:05:59'),(103,'0050','27','6',NULL,NULL,NULL,'Door',NULL,'60','2000','120000',NULL,'5','5','5','5','5','5','5','5','5','5','5','5','inactivate',NULL,NULL,'2019-06-16 17:05:59'),(104,'0050','27','6',NULL,NULL,NULL,'Floor',NULL,'60','2000','120000',NULL,'5','5','5','5','5','5','5','5','5','5','5','5','inactivate',NULL,NULL,'2019-06-16 17:05:59'),(105,'0050','27','6',NULL,NULL,NULL,'Wall',NULL,'60','2000','120000',NULL,'5','5','5','5','5','5','5','5','5','5','5','5','inactivate',NULL,NULL,'2019-06-16 17:06:00'),(106,'0050','28','6',NULL,NULL,NULL,'Central Processing Unit',NULL,'60','2000','120000',NULL,'5','5','5','5','5','5','5','5','5','5','5','5','inactivate',NULL,NULL,'2019-06-16 17:06:00'),(107,'0050','28','6',NULL,NULL,NULL,'Monitor',NULL,'60','2000','120000',NULL,'5','5','5','5','5','5','5','5','5','5','5','5','inactivate',NULL,NULL,'2019-06-16 17:06:00'),(108,'0050','28','6',NULL,NULL,NULL,'Notebook',NULL,'60','2000','120000',NULL,'5','5','5','5','5','5','5','5','5','5','5','5','inactivate',NULL,NULL,'2019-06-16 17:06:00'),(109,'0050','28','6',NULL,NULL,NULL,'Printer with Scanner and Copier',NULL,'60','2000','120000',NULL,'5','5','5','5','5','5','5','5','5','5','5','5','inactivate',NULL,NULL,'2019-06-16 17:06:00'),(110,'0050','28','6',NULL,NULL,NULL,'Uninterrupted Power Supply',NULL,'60','2000','120000',NULL,'5','5','5','5','5','5','5','5','5','5','5','5','inactivate',NULL,NULL,'2019-06-16 17:06:00'),(111,'0454','1','6',NULL,'1-A-1',NULL,'Clip - Backfold - 1\"','box','40','15.27','610.8','1','40',NULL,NULL,NULL,NULL,NULL,NULL,NULL,NULL,NULL,NULL,NULL,'pending',NULL,NULL,'2019-06-27 19:56:06'),(112,'0454','1','6',NULL,'1-A-1',NULL,'Clip - Backfold - 2\"','box','54','47.84','2583.36','1','54',NULL,NULL,NULL,NULL,NULL,NULL,NULL,NULL,NULL,NULL,NULL,'pending',NULL,NULL,'2019-06-27 19:56:06'),(113,'0454','1','6',NULL,'1-A-1',NULL,'Clip - Paper, 32mm, 100','box','54','6.29','339.66','2','54',NULL,NULL,NULL,NULL,NULL,NULL,NULL,NULL,NULL,NULL,NULL,'pending',NULL,NULL,'2019-06-27 19:56:06'),(114,'0454','1','6',NULL,'1-A-1',NULL,'Clip - Paper, 50mm, 100','box','59','14.04','828.3599999999999','2','59',NULL,NULL,NULL,NULL,NULL,NULL,NULL,NULL,NULL,NULL,NULL,'pending',NULL,NULL,'2019-06-27 19:56:06'),(115,'0454','1','6',NULL,'1-A-1',NULL,'Eraser - Correction Tape, Refill','pc','184','62','11408','2','184',NULL,NULL,NULL,NULL,NULL,NULL,NULL,NULL,NULL,NULL,NULL,'pending',NULL,NULL,'2019-06-27 19:56:06'),(116,'0454','1','6',NULL,'1-A-1',NULL,'Eraser - Correction Tape, Refillable','pc','65','160','10400','2','65',NULL,NULL,NULL,NULL,NULL,NULL,NULL,NULL,NULL,NULL,NULL,'pending',NULL,NULL,'2019-06-27 19:56:07'),(117,'0454','1','6',NULL,'1-A-1',NULL,'Eraser - Rubber','pc','34','4.42','150.28','1','34',NULL,NULL,NULL,NULL,NULL,NULL,NULL,NULL,NULL,NULL,NULL,'pending',NULL,NULL,'2019-06-27 19:56:07'),(118,'0454','1','6',NULL,'1-A-1',NULL,'Note Pad Stick-on 3\" * 4\", 100 sheets/pad','pad','167','56.06','9362.02','2','167',NULL,NULL,NULL,NULL,NULL,NULL,NULL,NULL,NULL,NULL,NULL,'pending',NULL,NULL,'2019-06-27 19:56:07'),(119,'0454','1','6',NULL,'1-A-1',NULL,'Pen - Ballpen, Black','pc','211','4.2','886.2','1','211',NULL,NULL,NULL,NULL,NULL,NULL,NULL,NULL,NULL,NULL,NULL,'pending',NULL,NULL,'2019-06-27 19:56:07'),(120,'0454','1','6',NULL,'1-A-1',NULL,'Pen - Ballpen, Blue','pc','260','4.2','1092','1','260',NULL,NULL,NULL,NULL,NULL,NULL,NULL,NULL,NULL,NULL,NULL,'pending',NULL,NULL,'2019-06-27 19:56:07'),(121,'0454','1','6',NULL,'1-A-1',NULL,'Pen - Ballpen, Green','pc','84','4','336','1','84',NULL,NULL,NULL,NULL,NULL,NULL,NULL,NULL,NULL,NULL,NULL,'pending',NULL,NULL,'2019-06-27 19:56:07'),(122,'0454','1','6',NULL,'1-A-1',NULL,'Pen - Ballpen, Red','pc','91','4.2','382.2','1','91',NULL,NULL,NULL,NULL,NULL,NULL,NULL,NULL,NULL,NULL,NULL,'pending',NULL,NULL,'2019-06-27 19:56:07'),(123,'0454','1','6',NULL,'1-A-1',NULL,'Pen - Highlighter, Neon Green','pc','108','17.75','1917','1','108',NULL,NULL,NULL,NULL,NULL,NULL,NULL,NULL,NULL,NULL,NULL,'pending',NULL,NULL,'2019-06-27 19:56:07'),(124,'0454','1','6',NULL,'1-A-1',NULL,'Pen - Highlighter, Neon Yellow','pc','108','18.75','2025','1','108',NULL,NULL,NULL,NULL,NULL,NULL,NULL,NULL,NULL,NULL,NULL,'pending',NULL,NULL,'2019-06-27 19:56:07'),(125,'0454','1','6',NULL,'1-A-1',NULL,'Pen - Signpen, 0.5 MM, Black','pc','257','44.01','11310.57','1','257',NULL,NULL,NULL,NULL,NULL,NULL,NULL,NULL,NULL,NULL,NULL,'pending',NULL,NULL,'2019-06-27 19:56:07'),(126,'0454','1','6',NULL,'1-A-1',NULL,'Pen - Signpen, 0.5 MM, Blue','pc','247','44.01','10870.47','1','247',NULL,NULL,NULL,NULL,NULL,NULL,NULL,NULL,NULL,NULL,NULL,'pending',NULL,NULL,'2019-06-27 19:56:07'),(127,'0454','1','6',NULL,'1-A-1',NULL,'Pen - Signpen, 0.5 MM, Red','pc','60','19.75','1185','1','60',NULL,NULL,NULL,NULL,NULL,NULL,NULL,NULL,NULL,NULL,NULL,'pending',NULL,NULL,'2019-06-27 19:56:07'),(128,'0454','1','6',NULL,'1-A-1',NULL,'Pencil, No.2','pc','163','5','815','2','163',NULL,NULL,NULL,NULL,NULL,NULL,NULL,NULL,NULL,NULL,NULL,'pending',NULL,NULL,'2019-06-27 19:56:07'),(129,'0454','1','6',NULL,'1-A-1',NULL,'USB 16 GB','pc','91','292.60','26626.600000000002','2','91',NULL,NULL,NULL,NULL,NULL,NULL,NULL,NULL,NULL,NULL,NULL,'pending',NULL,NULL,'2019-06-27 19:56:07'),(130,'0454','1','6',NULL,'1-A-1',NULL,'Air freshener, can, spray','bottle','31','300','9300','2','31',NULL,NULL,NULL,NULL,NULL,NULL,NULL,NULL,NULL,NULL,NULL,'pending',NULL,NULL,'2019-06-27 19:56:07'),(131,'0454','1','6',NULL,'1-A-1',NULL,'Data file Box - Standard Size, Blue','pc','110','180','19800','2','110',NULL,NULL,NULL,NULL,NULL,NULL,NULL,NULL,NULL,NULL,NULL,'pending',NULL,NULL,'2019-06-27 19:56:07'),(132,'0454','1','6',NULL,'1-A-1',NULL,'Data File Box - Standard Size, Green','pc','0','180','0','2','0',NULL,NULL,NULL,NULL,NULL,NULL,NULL,NULL,NULL,NULL,NULL,'pending',NULL,NULL,'2019-06-27 19:56:07'),(133,'0454','1','6',NULL,'1-A-1',NULL,'Data File Box - Standard Size, Red','pc','40','180','7200','2','40',NULL,NULL,NULL,NULL,NULL,NULL,NULL,NULL,NULL,NULL,NULL,'pending',NULL,NULL,'2019-06-27 19:56:07'),(134,'0454','1','6',NULL,'1-A-1',NULL,'Envelope - Brown, Long','box','410','927.16','380135.6','2','410',NULL,NULL,NULL,NULL,NULL,NULL,NULL,NULL,NULL,NULL,NULL,'pending',NULL,NULL,'2019-06-27 19:56:07'),(135,'0454','1','6',NULL,'1-A-1',NULL,'Envelope - Expanding, Long with garter','box','830','738.40','612872','2','830',NULL,NULL,NULL,NULL,NULL,NULL,NULL,NULL,NULL,NULL,NULL,'pending',NULL,NULL,'2019-06-27 19:56:07'),(136,'0454','1','6',NULL,'1-A-1',NULL,'Envelope - Mailing/Letter, Long, White, 500','box','6','362.44','2174.64','2','6',NULL,NULL,NULL,NULL,NULL,NULL,NULL,NULL,NULL,NULL,NULL,'pending',NULL,NULL,'2019-06-27 19:56:07'),(137,'0454','1','6',NULL,'1-A-1',NULL,'Envelope - Mailing/Letter, Windows, Long, White,500','box','0','414.13','0','2','0',NULL,NULL,NULL,NULL,NULL,NULL,NULL,NULL,NULL,NULL,NULL,'pending',NULL,NULL,'2019-06-27 19:56:08'),(138,'0454','1','6',NULL,'1-A-1',NULL,'Fastener - Plastic, 50','box','89','20.25','1802.25','1','89',NULL,NULL,NULL,NULL,NULL,NULL,NULL,NULL,NULL,NULL,NULL,'pending',NULL,NULL,'2019-06-27 19:56:08'),(139,'0454','1','6',NULL,'1-A-1',NULL,'Folder - Long, White, 14pts.','pc','500','6','3000','2','500',NULL,NULL,NULL,NULL,NULL,NULL,NULL,NULL,NULL,NULL,NULL,'pending',NULL,NULL,'2019-06-27 19:56:08'),(140,'0454','1','6',NULL,'1-A-1',NULL,'Glue - All Purpose, 200g','bottle','59','62.10','3663.9','2','59',NULL,NULL,NULL,NULL,NULL,NULL,NULL,NULL,NULL,NULL,NULL,'pending',NULL,NULL,'2019-06-27 19:56:08'),(141,'0454','1','6',NULL,'1-A-1',NULL,'Ink - Stamp Pad, 50ml, violet','bottle','26','30.80','800.8000000000001','2','26',NULL,NULL,NULL,NULL,NULL,NULL,NULL,NULL,NULL,NULL,NULL,'pending',NULL,NULL,'2019-06-27 19:56:08'),(142,'0454','1','6',NULL,'1-A-1',NULL,'Paper - Bondpaper, Multi-Purpose, A4,Substance 20','ream','396','124','49104','1','387',NULL,NULL,NULL,NULL,'9',NULL,NULL,NULL,NULL,NULL,NULL,'pending',NULL,NULL,'2019-06-27 19:56:08'),(143,'0454','1','6',NULL,'1-A-1',NULL,'Paper - Bondpaper, Multi-Purpose, Long, Substance 20','ream','692','138','95496','1','692',NULL,NULL,NULL,NULL,NULL,NULL,NULL,NULL,NULL,NULL,NULL,'pending',NULL,NULL,'2019-06-27 19:56:08'),(144,'0454','1','6',NULL,'1-A-1',NULL,'Paper - Fax, 216mm * 30mm','roll','210','60','12600','1','210',NULL,NULL,NULL,NULL,NULL,NULL,NULL,NULL,NULL,NULL,NULL,'pending',NULL,NULL,'2019-06-27 19:56:08'),(145,'0454','1','6',NULL,'1-A-1',NULL,'Paper - Laid, 8 1/2\" * 11\", 500','box','100','550','55000','1','100',NULL,NULL,NULL,NULL,NULL,NULL,NULL,NULL,NULL,NULL,NULL,'pending',NULL,NULL,'2019-06-27 19:56:08'),(146,'0454','1','6',NULL,'1-A-1',NULL,'Pen - Marker, Permanent, Fine, Black','pc','58','23.5','1363','1','58',NULL,NULL,NULL,NULL,NULL,NULL,NULL,NULL,NULL,NULL,NULL,'pending',NULL,NULL,'2019-06-27 19:56:08'),(147,'0454','1','6',NULL,'1-A-1',NULL,'Pen - Marker, Permanent, Fine, Blue','pc','53','23.5','1245.5','1','53',NULL,NULL,NULL,NULL,NULL,NULL,NULL,NULL,NULL,NULL,NULL,'pending',NULL,NULL,'2019-06-27 19:56:08'),(148,'0454','1','6',NULL,'1-A-1',NULL,'Pen - Marker, Permanent, Fine, Red','pc','33','23.5','775.5','1','33',NULL,NULL,NULL,NULL,NULL,NULL,NULL,NULL,NULL,NULL,NULL,'pending',NULL,NULL,'2019-06-27 19:56:08'),(149,'0454','1','6',NULL,'1-A-1',NULL,'Record Book - 150 Leaves, smyth sewn','pc','19','35.25','669.75','2','19',NULL,NULL,NULL,NULL,NULL,NULL,NULL,NULL,NULL,NULL,NULL,'pending',NULL,NULL,'2019-06-27 19:56:08'),(150,'0454','1','6',NULL,'1-A-1',NULL,'Record Book - 300 Leaves, symth sewn','pc','38','70.72','2687.36','2','38',NULL,NULL,NULL,NULL,NULL,NULL,NULL,NULL,NULL,NULL,NULL,'pending',NULL,NULL,'2019-06-27 19:56:08'),(151,'0454','1','6',NULL,'1-A-1',NULL,'Record Book - 500 Leaves,','pc','34','101.92','3465.28','2','34',NULL,NULL,NULL,NULL,NULL,NULL,NULL,NULL,NULL,NULL,NULL,'pending',NULL,NULL,'2019-06-27 19:56:08'),(152,'0454','1','6',NULL,'1-A-1',NULL,'Rubberband ,350 grams','pc','6','195','1170','2','6',NULL,NULL,NULL,NULL,NULL,NULL,NULL,NULL,NULL,NULL,NULL,'pending',NULL,NULL,'2019-06-27 19:56:08'),(153,'0454','1','6',NULL,'1-A-1',NULL,'Staple Wire - # 23 * 10','box','20','50','1000','2','20',NULL,NULL,NULL,NULL,NULL,NULL,NULL,NULL,NULL,NULL,NULL,'pending',NULL,NULL,'2019-06-27 19:56:08'),(154,'0454','1','6',NULL,'1-A-1',NULL,'Staple Wire - # 35','box','80','22','1760','2','80',NULL,NULL,NULL,NULL,NULL,NULL,NULL,NULL,NULL,NULL,NULL,'pending',NULL,NULL,'2019-06-27 19:56:08'),(155,'0454','1','6',NULL,'1-A-1',NULL,'Tape - Duct Tape, Gray, 2\"','roll','12','120','1440','2','12',NULL,NULL,NULL,NULL,NULL,NULL,NULL,NULL,NULL,NULL,NULL,'pending',NULL,NULL,'2019-06-27 19:56:08'),(156,'0454','1','6',NULL,'1-A-1',NULL,'Tape - Masking, 1\", 25m','roll','64','55.12','3527.68','2','64',NULL,NULL,NULL,NULL,NULL,NULL,NULL,NULL,NULL,NULL,NULL,'pending',NULL,NULL,'2019-06-27 19:56:09'),(157,'0454','1','6',NULL,'1-A-1',NULL,'Tape - Packaging, 2\", 50m','roll','355','106.60','37843','2','355',NULL,NULL,NULL,NULL,NULL,NULL,NULL,NULL,NULL,NULL,NULL,'pending',NULL,NULL,'2019-06-27 19:56:09'),(158,'0454','1','6',NULL,'1-A-1',NULL,'Tape - Transparent, 1\" 50m','roll','106','10.09','1069.54','2','106',NULL,NULL,NULL,NULL,NULL,NULL,NULL,NULL,NULL,NULL,NULL,'pending',NULL,NULL,'2019-06-27 19:56:09'),(159,'0454','1','6',NULL,'1-A-1',NULL,'Tape - Transparent, 48mm','roll','139','50','6950','2','139',NULL,NULL,NULL,NULL,NULL,NULL,NULL,NULL,NULL,NULL,NULL,'pending',NULL,NULL,'2019-06-27 19:56:09'),(160,'0454','1','6',NULL,'1-A-2',NULL,'Cartolina, Assorted Color, 78 gsm min','pc','39','83.72','3265.08','2','39',NULL,NULL,NULL,NULL,NULL,NULL,NULL,NULL,NULL,NULL,NULL,'pending',NULL,NULL,'2019-06-27 19:56:09'),(161,'0454','1','6',NULL,'1-A-2',NULL,'Cartolina, White, 99 gsm min','pc','10','3.75','37.5','2','10',NULL,NULL,NULL,NULL,NULL,NULL,NULL,NULL,NULL,NULL,NULL,'pending',NULL,NULL,'2019-06-27 19:56:09'),(162,'0454','1','6',NULL,'1-A-2',NULL,'Eraser - Whiteboard, Felt','pc','1','10.40','10.4','2','1',NULL,NULL,NULL,NULL,NULL,NULL,NULL,NULL,NULL,NULL,NULL,'pending',NULL,NULL,'2019-06-27 19:56:09'),(163,'0454','1','6',NULL,'1-A-2',NULL,'ID Clip','pc','0','12','0','2','0',NULL,NULL,NULL,NULL,NULL,NULL,NULL,NULL,NULL,NULL,NULL,'pending',NULL,NULL,'2019-06-27 19:56:09'),(164,'0454','1','6',NULL,'1-A-2',NULL,'ID Sling - Garterized With name Tags','pc','0','8','0','2','0',NULL,NULL,NULL,NULL,NULL,NULL,NULL,NULL,NULL,NULL,NULL,'pending',NULL,NULL,'2019-06-27 19:56:09'),(165,'0454','1','6',NULL,'1-A-2',NULL,'Manila Paper, 36\" * 48\", Pre-cut','pc','0','2','0','1','0',NULL,NULL,NULL,NULL,NULL,NULL,NULL,NULL,NULL,NULL,NULL,'pending',NULL,NULL,'2019-06-27 19:56:09'),(166,'0454','1','6',NULL,'1-A-2',NULL,'Metacards (4 colors)','pc','1','75','75','2','1',NULL,NULL,NULL,NULL,NULL,NULL,NULL,NULL,NULL,NULL,NULL,'pending',NULL,NULL,'2019-06-27 19:56:09'),(167,'201700272','1','6',NULL,'1-A-3',NULL,'Toner-Copier (1 unit) (Konika Minolata Bizhub 363)','pc','4','7250','29000','2','4',NULL,NULL,NULL,NULL,NULL,NULL,NULL,NULL,NULL,NULL,NULL,'pending',NULL,NULL,'2019-06-27 19:56:09'),(168,'201700272','1','6',NULL,'1-A-3',NULL,'Toner-printer (1 unit) (Brother DCP-L2540DW)','pc','10','1500','15000','2','10',NULL,NULL,NULL,NULL,NULL,NULL,NULL,NULL,NULL,NULL,NULL,'pending',NULL,NULL,'2019-06-27 19:56:09'),(169,'201700272','1','6',NULL,'1-A-3',NULL,'UV DYE INK 100 ml, Black','pc','12','150','1800','2','12',NULL,NULL,NULL,NULL,NULL,NULL,NULL,NULL,NULL,NULL,NULL,'pending',NULL,NULL,'2019-06-27 19:56:09'),(170,'201700272','1','6',NULL,'1-A-3',NULL,'UV DYE INK 100 ml, Cyan','pc','6','150','900','2','6',NULL,NULL,NULL,NULL,NULL,NULL,NULL,NULL,NULL,NULL,NULL,'pending',NULL,NULL,'2019-06-27 19:56:10'),(171,'201700272','1','6',NULL,'1-A-3',NULL,'UV DYE INK 100 ml, Magenta','pc','6','150','900','2','6',NULL,NULL,NULL,NULL,NULL,NULL,NULL,NULL,NULL,NULL,NULL,'pending',NULL,NULL,'2019-06-27 19:56:10'),(172,'201700272','1','6',NULL,'1-A-3',NULL,'UV DYE INK 100 ml, Yellow','pc','6','150','900','2','6',NULL,NULL,NULL,NULL,NULL,NULL,NULL,NULL,NULL,NULL,NULL,'pending',NULL,NULL,'2019-06-27 19:56:10'),(173,'201400182','1','6',NULL,'1-A-3',NULL,'Ink Toner JRJ-2380','box','3','6000','18000','2','3',NULL,NULL,NULL,NULL,NULL,NULL,NULL,NULL,NULL,NULL,NULL,'pending',NULL,NULL,'2019-06-27 19:56:10'),(180,'201900282','1','6',NULL,'1-A-3',NULL,'Tape cartridge, TZ-253 for Brother P-Touch 2730, 24mm, 1\",laminated','cart','10','1000','10000','2','10',NULL,NULL,NULL,NULL,NULL,NULL,NULL,NULL,NULL,NULL,NULL,'pending',NULL,NULL,'2019-06-27 19:56:10'),(181,'201900282','1','6',NULL,'1-A-3',NULL,'TONER CARTRIDGE COLOR BLACK (CF210A)','box','36','2080','74880','2','36',NULL,NULL,NULL,NULL,NULL,NULL,NULL,NULL,NULL,NULL,NULL,'pending',NULL,NULL,'2019-06-27 19:56:10'),(187,'201900282','1','6',NULL,'1-A-3',NULL,'Toner, printer HP Laserjet M1120 MFP (36A)','pc','2','3900','7800','2','2',NULL,NULL,NULL,NULL,NULL,NULL,NULL,NULL,NULL,NULL,NULL,'pending',NULL,NULL,'2019-06-27 19:56:10'),(188,'197900046','1','6',NULL,'1-A-3',NULL,'Ink refill for Printer(Black)','pc','4','400','1600','2','4',NULL,NULL,NULL,NULL,NULL,NULL,NULL,NULL,NULL,NULL,NULL,'pending',NULL,NULL,'2019-06-27 19:56:10'),(189,'197900046','1','6',NULL,'1-A-3',NULL,'Ink refill for Printer(Cyan)','pc','4','400','1600','2','4',NULL,NULL,NULL,NULL,NULL,NULL,NULL,NULL,NULL,NULL,NULL,'pending',NULL,NULL,'2019-06-27 19:56:10'),(190,'197900046','1','6',NULL,'1-A-3',NULL,'Ink refill for Printer(Magenta)','pc','4','400','1600','2','4',NULL,NULL,NULL,NULL,NULL,NULL,NULL,NULL,NULL,NULL,NULL,'pending',NULL,NULL,'2019-06-27 19:56:10'),(191,'197900046','1','6',NULL,'1-A-3',NULL,'Ink refill for Printer(Yellow)','pc','4','400','1600','2','4',NULL,NULL,NULL,NULL,NULL,NULL,NULL,NULL,NULL,NULL,NULL,'pending',NULL,NULL,'2019-06-27 19:56:10'),(197,'200400037','1','6',NULL,'1-A-3',NULL,'Evolis Peeble Ink (Colored)','pc','1','4600','4600','2','1',NULL,NULL,NULL,NULL,NULL,NULL,NULL,NULL,NULL,NULL,NULL,'pending',NULL,NULL,'2019-06-27 19:56:10'),(200,'198100040','1','6',NULL,'1-A-3',NULL,'Developer, Copier (1 unit) (Konika Minolta Bizhub 363','pc','5','4950','24750','2','5',NULL,NULL,NULL,NULL,NULL,NULL,NULL,NULL,NULL,NULL,NULL,'pending',NULL,NULL,'2019-06-27 19:56:10'),(201,'198100040','1','6',NULL,'1-A-3',NULL,'Developer, Copier (2 units) (Canon IR 4570) for existing unit Copier (Max Copy Center)','pc','5','8000','40000','2','5',NULL,NULL,NULL,NULL,NULL,NULL,NULL,NULL,NULL,NULL,NULL,'pending',NULL,NULL,'2019-06-27 19:56:10'),(202,'198100040','1','6',NULL,'1-A-3',NULL,'Drum-Copier (1 unit) (Konika Minolta Bizhub 363) for existing unit Copier (JRJ Solutions)','pc','5','8050','40250','2','5',NULL,NULL,NULL,NULL,NULL,NULL,NULL,NULL,NULL,NULL,NULL,'pending',NULL,NULL,'2019-06-27 19:56:10'),(203,'198100040','1','6',NULL,'1-A-3',NULL,'Drum, Copier (2 units) (Canon IR4570) for existing unit Copier(Max Copy Center)','pc','5','8904','44520','2','5',NULL,NULL,NULL,NULL,NULL,NULL,NULL,NULL,NULL,NULL,NULL,'pending',NULL,NULL,'2019-06-27 19:56:10'),(204,'198100040','1','6',NULL,'1-A-3',NULL,'Fixing Film for Canon IR 4570 Copier for existing unit Copier (Max Copy Center)','pc','3','8000','24000','2','3',NULL,NULL,NULL,NULL,NULL,NULL,NULL,NULL,NULL,NULL,NULL,'pending',NULL,NULL,'2019-06-27 19:56:10'),(206,'198100040','1','6',NULL,'1-A-3',NULL,'TONER CARTRIDGE COLOR CYAN (CF212A)','box','25','2080','52000','2','25',NULL,NULL,NULL,NULL,NULL,NULL,NULL,NULL,NULL,NULL,NULL,'pending',NULL,NULL,'2019-06-27 19:56:10'),(207,'198100040','1','6',NULL,'1-A-3',NULL,'TONER CARTRIDGE COLOR MAGENTA (CF213A)','box','25','2080','52000','2','25',NULL,NULL,NULL,NULL,NULL,NULL,NULL,NULL,NULL,NULL,NULL,'pending',NULL,NULL,'2019-06-27 19:56:10'),(208,'198100040','1','6',NULL,'1-A-3',NULL,'TONER CARTRIDGE COLOR YELLOW (CF212A)','box','25','2080','52000','2','25',NULL,NULL,NULL,NULL,NULL,NULL,NULL,NULL,NULL,NULL,NULL,'pending',NULL,NULL,'2019-06-27 19:56:10'),(209,'198100040','1','6',NULL,'1-A-3',NULL,'Toner for Canon IR 4570 Copier for existing unit Copier (MaxCopy Center)','pouch','50','5000','250000','2','50',NULL,NULL,NULL,NULL,NULL,NULL,NULL,NULL,NULL,NULL,NULL,'pending',NULL,NULL,'2019-06-27 19:56:11'),(210,'198100040','1','6',NULL,'1-A-3',NULL,'Toner-Copier (1 unit) (Konika Minolata Bizhub 363)2','pc','20','7250','145000','2','20',NULL,NULL,NULL,NULL,NULL,NULL,NULL,NULL,NULL,NULL,NULL,'pending',NULL,NULL,'2019-06-27 19:56:11'),(211,'198100040','1','6',NULL,'1-A-3',NULL,'Toner, printer Brother HL5340D, TN3250','pc','3','3600','10800','2','3',NULL,NULL,NULL,NULL,NULL,NULL,NULL,NULL,NULL,NULL,NULL,'pending',NULL,NULL,'2019-06-27 19:56:11'),(212,'198100040','1','6',NULL,'1-A-3',NULL,'Toner,Copier (2units) Canon IR4570)','pc','15','5000','75000','2','15',NULL,NULL,NULL,NULL,NULL,NULL,NULL,NULL,NULL,NULL,NULL,'pending',NULL,NULL,'2019-06-27 19:56:11'),(213,'198100040','1','6',NULL,'1-A-3',NULL,'Toner,Printer (1 unit) (Brother HL53403 Laserprinter)','pc','4','4000','16000','2','4',NULL,NULL,NULL,NULL,NULL,NULL,NULL,NULL,NULL,NULL,NULL,'pending',NULL,NULL,'2019-06-27 19:56:11'),(214,'198100040','1','6',NULL,'1-A-3',NULL,'Toner,printer (1unit) (HP Laserjet Pro 200 color MFP) Black','pc','25','2080','52000','2','25',NULL,NULL,NULL,NULL,NULL,NULL,NULL,NULL,NULL,NULL,NULL,'pending',NULL,NULL,'2019-06-27 19:56:11'),(215,'198100040','1','6',NULL,'1-A-3',NULL,'Toner,printer (1unit) (HP Laserjet Pro 200 color MFP) cyan','pc','25','2080','52000','2','25',NULL,NULL,NULL,NULL,NULL,NULL,NULL,NULL,NULL,NULL,NULL,'pending',NULL,NULL,'2019-06-27 19:56:11'),(216,'198100040','1','6',NULL,'1-A-3',NULL,'Toner,printer (1unit) (HP Laserjet Pro 200 color MFP) Magenta','pc','25','2080','52000','2','25',NULL,NULL,NULL,NULL,NULL,NULL,NULL,NULL,NULL,NULL,NULL,'pending',NULL,NULL,'2019-06-27 19:56:11'),(217,'198100040','1','6',NULL,'1-A-3',NULL,'Toner,printer (1unit) (HP Laserjet Pro 200 color MFP) Yellow','pc','25','2080','52000','2','25',NULL,NULL,NULL,NULL,NULL,NULL,NULL,NULL,NULL,NULL,NULL,'pending',NULL,NULL,'2019-06-27 19:56:11'),(218,'198100040','1','6',NULL,'1-A-3',NULL,'Toner,printer (1unit) (HP Laserjet Pro M225dn, M201dw) Black','pc','25','2080','52000','2','25',NULL,NULL,NULL,NULL,NULL,NULL,NULL,NULL,NULL,NULL,NULL,'pending',NULL,NULL,'2019-06-27 19:56:11'),(219,'198100040','1','6',NULL,'1-A-3',NULL,'Toner,printer (2 units) (HP deskjet ink advantage 4615 all-in-one) Black','pc','3','1000','3000','2','3',NULL,NULL,NULL,NULL,NULL,NULL,NULL,NULL,NULL,NULL,NULL,'pending',NULL,NULL,'2019-06-27 19:56:11'),(220,'198100040','1','6',NULL,'1-A-3',NULL,'Toner,printer (2 units) (HP deskjet ink advantage 4615 all-in-one) Cyan','pc','3','1000','3000','2','3',NULL,NULL,NULL,NULL,NULL,NULL,NULL,NULL,NULL,NULL,NULL,'pending',NULL,NULL,'2019-06-27 19:56:11'),(221,'198100040','1','6',NULL,'1-A-3',NULL,'Toner,printer (2 units) (HP deskjet ink advantage 4615 all-in-one) Magenta','pc','3','1000','3000','2','3',NULL,NULL,NULL,NULL,NULL,NULL,NULL,NULL,NULL,NULL,NULL,'pending',NULL,NULL,'2019-06-27 19:56:11'),(222,'198100040','1','6',NULL,'1-A-3',NULL,'Toner,printer (2 units) (HP deskjet ink advantage 4615 all-in-one) Yellow','pc','3','1000','3000','2','3',NULL,NULL,NULL,NULL,NULL,NULL,NULL,NULL,NULL,NULL,NULL,'pending',NULL,NULL,'2019-06-27 19:56:11'),(224,'199200016','1','6',NULL,'1-A-3',NULL,'TONER CARTRIDGE COLOR BLACK (JRJ 55X)','box','6','4000','24000','2','6',NULL,NULL,NULL,NULL,NULL,NULL,NULL,NULL,NULL,NULL,NULL,'pending',NULL,NULL,'2019-06-27 19:56:11'),(228,'0454','1','6',NULL,'1-B',NULL,'Binder Stapler (24mm)','PC','2','1500','3000','2','2',NULL,NULL,NULL,NULL,NULL,NULL,NULL,NULL,NULL,NULL,NULL,'pending',NULL,NULL,'2019-06-27 19:56:12'),(230,'0454','1','6',NULL,'1-B',NULL,'Document Tray, Metal Type, 3 Layers','pc','14','340','4760','2','14',NULL,NULL,NULL,NULL,NULL,NULL,NULL,NULL,NULL,NULL,NULL,'pending',NULL,NULL,'2019-06-27 19:56:12'),(231,'0454','1','6',NULL,'1-B',NULL,'Extension Wire, 5 meters, 3 gangs','pc','18','270','4860','2','18',NULL,NULL,NULL,NULL,NULL,NULL,NULL,NULL,NULL,NULL,NULL,'pending',NULL,NULL,'2019-06-27 19:56:12'),(232,'0454','1','6',NULL,'1-B',NULL,'Puncher, Heavy Duty, 2 Hole','pc','10','131.96','1319.6000000000001','1','10',NULL,NULL,NULL,NULL,NULL,NULL,NULL,NULL,NULL,NULL,NULL,'pending',NULL,NULL,'2019-06-27 19:56:12'),(233,'0454','1','6',NULL,'1-B',NULL,'Ruler, 12\", Plastic, Transparent','pc','30','10','300','2','30',NULL,NULL,NULL,NULL,NULL,NULL,NULL,NULL,NULL,NULL,NULL,'pending',NULL,NULL,'2019-06-27 19:56:12'),(234,'0454','1','6',NULL,'1-B',NULL,'Scissors, 8\", Metal Handle','pc','15','55','825','2','15',NULL,NULL,NULL,NULL,NULL,NULL,NULL,NULL,NULL,NULL,NULL,'pending',NULL,NULL,'2019-06-27 19:56:12'),(235,'0454','1','6',NULL,'1-B',NULL,'Sharpener, Table Type, Heavy Duty','pc','4','295','1180','2','4',NULL,NULL,NULL,NULL,NULL,NULL,NULL,NULL,NULL,NULL,NULL,'pending',NULL,NULL,'2019-06-27 19:56:12'),(236,'0454','1','6',NULL,'1-B',NULL,'Stamp Pad, 3\" * 5\"','pc','5','29.06','145.29999999999998','2','5',NULL,NULL,NULL,NULL,NULL,NULL,NULL,NULL,NULL,NULL,NULL,'pending',NULL,NULL,'2019-06-27 19:56:12'),(237,'0454','1','6',NULL,'1-B',NULL,'Stapler with Staple Remover #35, Heavy Duty','pc','20','220','4400','2','20',NULL,NULL,NULL,NULL,NULL,NULL,NULL,NULL,NULL,NULL,NULL,'pending',NULL,NULL,'2019-06-27 19:56:12'),(242,'201700272','1','6',NULL,'1-C',NULL,'AVR (for computer and bundy clock)','pc','5','800','4000','2','5',NULL,NULL,NULL,NULL,NULL,NULL,NULL,NULL,NULL,NULL,NULL,'pending',NULL,NULL,'2019-06-27 19:56:12'),(244,'201700272','1','6',NULL,'1-C',NULL,'Dater','pcs','2','200','400','2','2',NULL,NULL,NULL,NULL,NULL,NULL,NULL,NULL,NULL,NULL,NULL,'pending',NULL,NULL,'2019-06-27 19:56:12'),(245,'201700272','1','6',NULL,'1-C',NULL,'Dater, 2019 and above','pc','1','250','250','2','1',NULL,NULL,NULL,NULL,NULL,NULL,NULL,NULL,NULL,NULL,NULL,'pending',NULL,NULL,'2019-06-27 19:56:12'),(247,'201700272','1','6',NULL,'1-C',NULL,'Empty Box 12 x 15 x 10','pc','200','130','26000','2','200',NULL,NULL,NULL,NULL,NULL,NULL,NULL,NULL,NULL,NULL,NULL,'pending',NULL,NULL,'2019-06-27 19:56:12'),(249,'201700272','1','6',NULL,'1-C',NULL,'NOTARIAL FEE','job','1','200','200','2','1',NULL,NULL,NULL,NULL,NULL,NULL,NULL,NULL,NULL,NULL,NULL,'pending',NULL,NULL,'2019-06-27 19:56:12'),(250,'201700272','1','6',NULL,'1-C',NULL,'Rubber stamp - Certified True Copy','pc','1','150','150','2','1',NULL,NULL,NULL,NULL,NULL,NULL,NULL,NULL,NULL,NULL,NULL,'pending',NULL,NULL,'2019-06-27 19:56:12'),(251,'201700272','1','6',NULL,'1-C',NULL,'Rubber stamp - PR with RMOP','pc','4','150','600','2','4',NULL,NULL,NULL,NULL,NULL,NULL,NULL,NULL,NULL,NULL,NULL,'pending',NULL,NULL,'2019-06-27 19:56:12'),(253,'201400182','1','6',NULL,'1-C',NULL,'2-in-1 Board (Whiteboard and Cork Board Combination), 1200 x 900 mm, with silver aluminum frame','pc','1','6000','6000','2','1',NULL,NULL,NULL,NULL,NULL,NULL,NULL,NULL,NULL,NULL,NULL,'pending',NULL,NULL,'2019-06-27 19:56:12'),(255,'201700263','1','6',NULL,'1-C',NULL,'Accountable forms','pad','60','150','9000','2','60',NULL,NULL,NULL,NULL,NULL,NULL,NULL,NULL,NULL,NULL,NULL,'pending',NULL,NULL,'2019-06-27 19:56:12'),(256,'201700263','1','6',NULL,'1-C',NULL,'Adding machine tape','roll','25','20','500','2','25',NULL,NULL,NULL,NULL,NULL,NULL,NULL,NULL,NULL,NULL,NULL,'pending',NULL,NULL,'2019-06-27 19:56:12'),(257,'201700263','1','6',NULL,'1-C',NULL,'Adding Machine, 12 digits, DR-120 TM','unit','1','4000','4000','2','1',NULL,NULL,NULL,NULL,NULL,NULL,NULL,NULL,NULL,NULL,NULL,'pending',NULL,NULL,'2019-06-27 19:56:12'),(258,'201700263','1','6',NULL,'1-C',NULL,'Alcohol, 70%, ethtl, unscented, 500ml','bottle','16','90','1440','2','16',NULL,NULL,NULL,NULL,NULL,NULL,NULL,NULL,NULL,NULL,NULL,'pending',NULL,NULL,'2019-06-27 19:56:12'),(259,'201700263','1','6',NULL,'1-C',NULL,'Aluminum Screw 2\" , 100pcs','box','6','650','3900','2','6',NULL,NULL,NULL,NULL,NULL,NULL,NULL,NULL,NULL,NULL,NULL,'pending',NULL,NULL,'2019-06-27 19:56:13'),(261,'201700263','1','6',NULL,'1-C',NULL,'Aluminum Screw, 4\" , 100pcs','box','4','950','3800','2','4',NULL,NULL,NULL,NULL,NULL,NULL,NULL,NULL,NULL,NULL,NULL,'pending',NULL,NULL,'2019-06-27 19:56:13'),(262,'201700263','1','6',NULL,'1-C',NULL,'Bag (for liaison)','pc','1','500','500','2','1',NULL,NULL,NULL,NULL,NULL,NULL,NULL,NULL,NULL,NULL,NULL,'pending',NULL,NULL,'2019-06-27 19:56:13'),(263,'201700263','1','6',NULL,'1-C',NULL,'Box (12 x 15 x 10) - brown color','pc','100','115','11500','2','100',NULL,NULL,NULL,NULL,NULL,NULL,NULL,NULL,NULL,NULL,NULL,'pending',NULL,NULL,'2019-06-27 19:56:13'),(265,'201700263','1','6',NULL,'1-C',NULL,'Check book/blank check, MDS','booklet','6','900','5400','2','6',NULL,NULL,NULL,NULL,NULL,NULL,NULL,NULL,NULL,NULL,NULL,'pending',NULL,NULL,'2019-06-27 19:56:13'),(266,'201700263','1','6',NULL,'1-C',NULL,'Check book/blank check, TF','booklet','6','900','5400','2','6',NULL,NULL,NULL,NULL,NULL,NULL,NULL,NULL,NULL,NULL,NULL,'pending',NULL,NULL,'2019-06-27 19:56:13'),(267,'201700263','1','6',NULL,'1-C',NULL,'Clear book, long, green','pc','2','80','160','2','2',NULL,NULL,NULL,NULL,NULL,NULL,NULL,NULL,NULL,NULL,NULL,'pending',NULL,NULL,'2019-06-27 19:56:13'),(273,'201700263','1','6',NULL,'1-C',NULL,'Extension wire with individual switch and individual fuse per outlet','pc','3','1000','3000','2','3',NULL,NULL,NULL,NULL,NULL,NULL,NULL,NULL,NULL,NULL,NULL,'pending',NULL,NULL,'2019-06-27 19:56:13'),(274,'201700263','1','6',NULL,'1-C',NULL,'Highlighter, neon green','pc','15','22','330','2','15',NULL,NULL,NULL,NULL,NULL,NULL,NULL,NULL,NULL,NULL,NULL,'pending',NULL,NULL,'2019-06-27 19:56:13'),(275,'201700263','1','6',NULL,'1-C',NULL,'Highlighter, neon orange','pc','15','22','330','2','15',NULL,NULL,NULL,NULL,NULL,NULL,NULL,NULL,NULL,NULL,NULL,'pending',NULL,NULL,'2019-06-27 19:56:13'),(276,'201700263','1','6',NULL,'1-C',NULL,'Insecticide','bottle','3','250','750','2','3',NULL,NULL,NULL,NULL,NULL,NULL,NULL,NULL,NULL,NULL,NULL,'pending',NULL,NULL,'2019-06-27 19:56:13'),(277,'201700263','1','6',NULL,'1-C',NULL,'Note Post-It 1x3, neon green','pack','20','60','1200','2','20',NULL,NULL,NULL,NULL,NULL,NULL,NULL,NULL,NULL,NULL,NULL,'pending',NULL,NULL,'2019-06-27 19:56:13'),(278,'201700263','1','6',NULL,'1-C',NULL,'Note Post-It 1x3, neon orange','pack','20','60','1200','2','20',NULL,NULL,NULL,NULL,NULL,NULL,NULL,NULL,NULL,NULL,NULL,'pending',NULL,NULL,'2019-06-27 19:56:13'),(280,'201700263','1','6',NULL,'1-C',NULL,'Ribbon, black, epson LX 310','pc','3','195','585','2','3',NULL,NULL,NULL,NULL,NULL,NULL,NULL,NULL,NULL,NULL,NULL,'pending',NULL,NULL,'2019-06-27 19:56:13'),(281,'201700263','1','6',NULL,'1-C',NULL,'RJ 45','pc','1','150','150','2','1',NULL,NULL,NULL,NULL,NULL,NULL,NULL,NULL,NULL,NULL,NULL,'pending',NULL,NULL,'2019-06-27 19:56:13'),(287,'201700263','1','6',NULL,'1-C',NULL,'Stamp pad, felt pad, 60mm x 100mm','pc','3','45','135','2','3',NULL,NULL,NULL,NULL,NULL,NULL,NULL,NULL,NULL,NULL,NULL,'pending',NULL,NULL,'2019-06-27 19:56:13'),(289,'201700263','1','6',NULL,'1-C',NULL,'Staple wire (for binder stapler 24mm)','box','4','35','140','2','4',NULL,NULL,NULL,NULL,NULL,NULL,NULL,NULL,NULL,NULL,NULL,'pending',NULL,NULL,'2019-06-27 19:56:13'),(291,'201700263','1','6',NULL,'1-C',NULL,'Stapler #35 with staple remover, heavy duty','pc','10','340','3400','2','10',NULL,NULL,NULL,NULL,NULL,NULL,NULL,NULL,NULL,NULL,NULL,'pending',NULL,NULL,'2019-06-27 19:56:13'),(295,'201700263','1','6',NULL,'1-C',NULL,'USB, 8GB','piece','40','340','13600','2','40',NULL,NULL,NULL,NULL,NULL,NULL,NULL,NULL,NULL,NULL,NULL,'pending',NULL,NULL,'2019-06-27 19:56:13'),(296,'201700263','1','6',NULL,'1-C',NULL,'Warrant Register General Form 105','pc','5','500','2500','2','5',NULL,NULL,NULL,NULL,NULL,NULL,NULL,NULL,NULL,NULL,NULL,'pending',NULL,NULL,'2019-06-27 19:56:13'),(297,'201900282','1','6',NULL,'1-C',NULL,'Battery, size AA, alkaline, 4 pcs./packet','pack','50','150','7500','2','50',NULL,NULL,NULL,NULL,NULL,NULL,NULL,NULL,NULL,NULL,NULL,'pending',NULL,NULL,'2019-06-27 19:56:13'),(298,'201900282','1','6',NULL,'1-C',NULL,'Battery, size AAA, alkaline, 4 pcs./packet','pack','50','150','7500','2','50',NULL,NULL,NULL,NULL,NULL,NULL,NULL,NULL,NULL,NULL,NULL,'pending',NULL,NULL,'2019-06-27 19:56:13'),(299,'201900282','1','6',NULL,'1-C',NULL,'Tarpaulin printing 64x75','job','3','600','1800','2','3',NULL,NULL,NULL,NULL,NULL,NULL,NULL,NULL,NULL,NULL,NULL,'pending',NULL,NULL,'2019-06-27 19:56:13'),(302,'0135','1','6',NULL,'1-C',NULL,'Cutter, big','pc','10','290','2900','2','10',NULL,NULL,NULL,NULL,NULL,NULL,NULL,NULL,NULL,NULL,NULL,'pending',NULL,NULL,'2019-06-27 19:56:13'),(305,'0135','1','6',NULL,'1-C',NULL,'Duct Tape for warehouse use','roll','5','120','600','2','5',NULL,NULL,NULL,NULL,NULL,NULL,NULL,NULL,NULL,NULL,NULL,'pending',NULL,NULL,'2019-06-27 19:56:13'),(306,'0135','1','6',NULL,'1-C',NULL,'Fastener, screw type,1\"','pair','200','6','1200','1','200',NULL,NULL,NULL,NULL,NULL,NULL,NULL,NULL,NULL,NULL,NULL,'pending',NULL,NULL,'2019-06-27 19:56:14'),(307,'0135','1','6',NULL,'1-C',NULL,'Fastener, screw type,2\"','pair','200','6','1200','1','200',NULL,NULL,NULL,NULL,NULL,NULL,NULL,NULL,NULL,NULL,NULL,'pending',NULL,NULL,'2019-06-27 19:56:14'),(308,'0135','1','6',NULL,'1-C',NULL,'Garbage can with pedal(Plastic, medium)','pcs','3','150','450','2','3',NULL,NULL,NULL,NULL,NULL,NULL,NULL,NULL,NULL,NULL,NULL,'pending',NULL,NULL,'2019-06-27 19:56:14'),(309,'0135','1','6',NULL,'1-C',NULL,'Gel Air Freshener 12 g, for hub-warehouse (Refillable with container)','pcs','6','150','900','2','6',NULL,NULL,NULL,NULL,NULL,NULL,NULL,NULL,NULL,NULL,NULL,'pending',NULL,NULL,'2019-06-27 19:56:14'),(310,'0135','1','6',NULL,'1-C',NULL,'Gel Air Freshener 12 g, Refill','pcs','6','150','900','2','6',NULL,NULL,NULL,NULL,NULL,NULL,NULL,NULL,NULL,NULL,NULL,'pending',NULL,NULL,'2019-06-27 19:56:14'),(311,'0135','1','6',NULL,'1-C',NULL,'Gloves, warehouse gloves','pair','10','275','2750','2','10',NULL,NULL,NULL,NULL,NULL,NULL,NULL,NULL,NULL,NULL,NULL,'pending',NULL,NULL,'2019-06-27 19:56:14'),(312,'0135','1','6',NULL,'1-C',NULL,'Glue stick, 9\"','pc','5','100','500','2','5',NULL,NULL,NULL,NULL,NULL,NULL,NULL,NULL,NULL,NULL,NULL,'pending',NULL,NULL,'2019-06-27 19:56:14'),(313,'0135','1','6',NULL,'1-C',NULL,'Insecticide, 600 ml (environmental friendly) for hub-warehouse and office use','bottle','24','300','7200','2','24',NULL,NULL,NULL,NULL,NULL,NULL,NULL,NULL,NULL,NULL,NULL,'pending',NULL,NULL,'2019-06-27 19:56:14'),(314,'0135','1','6',NULL,'1-C',NULL,'Pen, Permanent, Marker,JUMBO, blue (36), black (36) for hub-warehouse use','pc','72','115','8280','2','72',NULL,NULL,NULL,NULL,NULL,NULL,NULL,NULL,NULL,NULL,NULL,'pending',NULL,NULL,'2019-06-27 19:56:14'),(315,'0135','1','6',NULL,'1-C',NULL,'PPE sticker, 10cm x 6cm, glossy, sticker type','pc','1000','8.5','8500','2','1000',NULL,NULL,NULL,NULL,NULL,NULL,NULL,NULL,NULL,NULL,NULL,'pending',NULL,NULL,'2019-06-27 19:56:14'),(316,'0135','1','6',NULL,'1-C',NULL,'Ring Binder Folder, BLUE, legal size','pc','10','400','4000','2','10',NULL,NULL,NULL,NULL,NULL,NULL,NULL,NULL,NULL,NULL,NULL,'pending',NULL,NULL,'2019-06-27 19:56:14'),(318,'0135','1','6',NULL,'1-C',NULL,'Rugby','bottle','2','60','120','2','2',NULL,NULL,NULL,NULL,NULL,NULL,NULL,NULL,NULL,NULL,NULL,'pending',NULL,NULL,'2019-06-27 19:56:14'),(319,'0135','1','6',NULL,'1-C',NULL,'Staple Remover , Steel Scissor Type','pc','6','150','900','2','6',NULL,NULL,NULL,NULL,NULL,NULL,NULL,NULL,NULL,NULL,NULL,'pending',NULL,NULL,'2019-06-27 19:56:14'),(321,'0135','1','6',NULL,'1-C',NULL,'Stretching film','roll','10','450','4500','2','10',NULL,NULL,NULL,NULL,NULL,NULL,NULL,NULL,NULL,NULL,NULL,'pending',NULL,NULL,'2019-06-27 19:56:14'),(322,'0135','1','6',NULL,'1-C',NULL,'Tape, Packaging, 2\", 100 meters','roll','200','60','12000','2','200',NULL,NULL,NULL,NULL,NULL,NULL,NULL,NULL,NULL,NULL,NULL,'pending',NULL,NULL,'2019-06-27 19:56:14'),(324,'0135','1','6',NULL,'1-C',NULL,'Twine, plastic, one kilo per roll','roll','5','100','500','2','5',NULL,NULL,NULL,NULL,NULL,NULL,NULL,NULL,NULL,NULL,NULL,'pending',NULL,NULL,'2019-06-27 19:56:14'),(325,'0135','1','6',NULL,'1-C',NULL,'Umbrella','pc','6','300','1800','2','6',NULL,NULL,NULL,NULL,NULL,NULL,NULL,NULL,NULL,NULL,NULL,'pending',NULL,NULL,'2019-06-27 19:56:14'),(328,'197900046','1','6',NULL,'1-C',NULL,'Alcohol, 70%, ethyl, scented, 500ml','bottle','12','70','840','1','12',NULL,NULL,NULL,NULL,NULL,NULL,NULL,NULL,NULL,NULL,NULL,'pending',NULL,NULL,'2019-06-27 19:56:14'),(329,'197900046','1','6',NULL,'1-C',NULL,'Aluminum Screw 2 1/2\"','box','1','675','675','2','1',NULL,NULL,NULL,NULL,NULL,NULL,NULL,NULL,NULL,NULL,NULL,'pending',NULL,NULL,'2019-06-27 19:56:14'),(335,'197900046','1','6',NULL,'1-C',NULL,'Chair for Conference Room With Arm, Heavy Duty Black(Sambag Conference Room)','pc.','12','5000','60000','2','12',NULL,NULL,NULL,NULL,NULL,NULL,NULL,NULL,NULL,NULL,NULL,'pending',NULL,NULL,'2019-06-27 19:56:14'),(338,'197900046','1','6',NULL,'1-C',NULL,'Clear book, Long, Red','pc','5','80','400','2','5',NULL,NULL,NULL,NULL,NULL,NULL,NULL,NULL,NULL,NULL,NULL,'pending',NULL,NULL,'2019-06-27 19:56:14'),(339,'197900046','1','6',NULL,'1-C',NULL,'Combi Plastic Binding Comb','unit','10','9,534.72','90','2','10',NULL,NULL,NULL,NULL,NULL,NULL,NULL,NULL,NULL,NULL,NULL,'pending',NULL,NULL,'2019-06-27 19:56:15'),(340,'197900046','1','6',NULL,'1-C',NULL,'Cork Board with aluminum frame','pc','1','199','199','2','1',NULL,NULL,NULL,NULL,NULL,NULL,NULL,NULL,NULL,NULL,NULL,'pending',NULL,NULL,'2019-06-27 19:56:15'),(342,'197900046','1','6',NULL,'1-C',NULL,'DOUBLE SIDED TAPE 1\"','roll','33','30','990','2','33',NULL,NULL,NULL,NULL,NULL,NULL,NULL,NULL,NULL,NULL,NULL,'pending',NULL,NULL,'2019-06-27 19:56:15'),(346,'197900046','1','6',NULL,'1-C',NULL,'Folder, tagboard, long','pc','150','8','1200','2','150',NULL,NULL,NULL,NULL,NULL,NULL,NULL,NULL,NULL,NULL,NULL,'pending',NULL,NULL,'2019-06-27 19:56:15'),(348,'197900046','1','6',NULL,'1-C',NULL,'LBP MDS, (blank check), Acct. #2014-9014-27 @ 800.00/booklet','booklet','4','800','3200','2','4',NULL,NULL,NULL,NULL,NULL,NULL,NULL,NULL,NULL,NULL,NULL,'pending',NULL,NULL,'2019-06-27 19:56:15'),(349,'197900046','1','6',NULL,'1-C',NULL,'Mounting Tape, heavy duty, 1\" x 60 \"','roll','1','300','300','2','1',NULL,NULL,NULL,NULL,NULL,NULL,NULL,NULL,NULL,NULL,NULL,'pending',NULL,NULL,'2019-06-27 19:56:15'),(351,'197900046','1','6',NULL,'1-C',NULL,'Notarization','job','1','300','300','2','1',NULL,NULL,NULL,NULL,NULL,NULL,NULL,NULL,NULL,NULL,NULL,'pending',NULL,NULL,'2019-06-27 19:56:15'),(353,'197900046','1','6',NULL,'1-C',NULL,'Paper - Bondpaper , colored, substance 24, long','reams','2','348','696','1','2',NULL,NULL,NULL,NULL,NULL,NULL,NULL,NULL,NULL,NULL,NULL,'pending',NULL,NULL,'2019-06-27 19:56:15'),(354,'197900046','1','6',NULL,'1-C',NULL,'Plastic Cover #3','roll','1','850','850','2','1',NULL,NULL,NULL,NULL,NULL,NULL,NULL,NULL,NULL,NULL,NULL,'pending',NULL,NULL,'2019-06-27 19:56:15'),(355,'197900046','1','6',NULL,'1-C',NULL,'Ring Bind for Manual','pc','1','75','75','2','1',NULL,NULL,NULL,NULL,NULL,NULL,NULL,NULL,NULL,NULL,NULL,'pending',NULL,NULL,'2019-06-27 19:56:15'),(359,'197900046','1','6',NULL,'1-C',NULL,'Rubber Stamp (Big)','pc','2','100','200','2','2',NULL,NULL,NULL,NULL,NULL,NULL,NULL,NULL,NULL,NULL,NULL,'pending',NULL,NULL,'2019-06-27 19:56:15'),(360,'197900046','1','6',NULL,'1-C',NULL,'Rubber Stamp (Small)','pc','1','50','50','2','1',NULL,NULL,NULL,NULL,NULL,NULL,NULL,NULL,NULL,NULL,NULL,'pending',NULL,NULL,'2019-06-27 19:56:15'),(361,'197900046','1','6',NULL,'1-C',NULL,'Stamp Pad, Red','pc','1','250','250','2','1',NULL,NULL,NULL,NULL,NULL,NULL,NULL,NULL,NULL,NULL,NULL,'pending',NULL,NULL,'2019-06-27 19:56:15'),(363,'197900046','1','6',NULL,'1-C',NULL,'Sticker Paper','pack','4','53','212','1','4',NULL,NULL,NULL,NULL,NULL,NULL,NULL,NULL,NULL,NULL,NULL,'pending',NULL,NULL,'2019-06-27 19:56:15'),(364,'197900046','1','6',NULL,'1-C',NULL,'Tape, Double Sided , 2\"','rolls','2','48','96','2','2',NULL,NULL,NULL,NULL,NULL,NULL,NULL,NULL,NULL,NULL,NULL,'pending',NULL,NULL,'2019-06-27 19:56:15'),(366,'197900046','1','6',NULL,'1-C',NULL,'Tarpaulin, 24\" x 36\" (Printing w/ lamination)','pc','3','240','720','2','3',NULL,NULL,NULL,NULL,NULL,NULL,NULL,NULL,NULL,NULL,NULL,'pending',NULL,NULL,'2019-06-27 19:56:15'),(367,'197900046','1','6',NULL,'1-C',NULL,'Tarpaulin, 45\" X 76\" (Printing w/ lamination)','pc','3','770','2310','2','3',NULL,NULL,NULL,NULL,NULL,NULL,NULL,NULL,NULL,NULL,NULL,'pending',NULL,NULL,'2019-06-27 19:56:15'),(368,'197900046','1','6',NULL,'1-C',NULL,'Tarpaulin, 61.75 x 39.5\"','pc','15','900','13500','2','15',NULL,NULL,NULL,NULL,NULL,NULL,NULL,NULL,NULL,NULL,NULL,'pending',NULL,NULL,'2019-06-27 19:56:15'),(369,'197900046','1','6',NULL,'1-C',NULL,'Toner Cartridge Black (TN 2380)','box','33','1400','46200','2','30',NULL,NULL,NULL,NULL,'3',NULL,NULL,NULL,NULL,NULL,NULL,'pending',NULL,NULL,'2019-06-27 19:56:15'),(370,'197900046','1','6',NULL,'1-C',NULL,'Transparent TAPE 1\" x 90m','roll','3','22.74','68.22','2','3',NULL,NULL,NULL,NULL,NULL,NULL,NULL,NULL,NULL,NULL,NULL,'pending',NULL,NULL,'2019-06-27 19:56:15'),(371,'197900046','1','6',NULL,'1-C',NULL,'Transparent TAPE 2\" x 90m','roll','2','38.75','77.5','2','2',NULL,NULL,NULL,NULL,NULL,NULL,NULL,NULL,NULL,NULL,NULL,'pending',NULL,NULL,'2019-06-27 19:56:15'),(372,'197900046','1','6',NULL,'1-C',NULL,'Whiteboard Marker Broad, Red, Blue, Black','pc','1','66','66','2','1',NULL,NULL,NULL,NULL,NULL,NULL,NULL,NULL,NULL,NULL,NULL,'pending',NULL,NULL,'2019-06-27 19:56:15'),(373,'197900046','1','6',NULL,'1-C',NULL,'Whiteboard Marker Fine, Red,Blue,Black','pc','1','45','45','2','1',NULL,NULL,NULL,NULL,NULL,NULL,NULL,NULL,NULL,NULL,NULL,'pending',NULL,NULL,'2019-06-27 19:56:16'),(374,'200400037','1','6',NULL,'1-C',NULL,'Card','box','1','3500','3500','2','1',NULL,NULL,NULL,NULL,NULL,NULL,NULL,NULL,NULL,NULL,NULL,'pending',NULL,NULL,'2019-06-27 19:56:16'),(375,'200400037','1','6',NULL,'1-C',NULL,'Laminating Film, Thick','roll','1','3000','3000','2','1',NULL,NULL,NULL,NULL,NULL,NULL,NULL,NULL,NULL,NULL,NULL,'pending',NULL,NULL,'2019-06-27 19:56:16'),(377,'200400037','1','6',NULL,'1-C',NULL,'Storage Box, plastic, large','box','2','1000','2000','2','2',NULL,NULL,NULL,NULL,NULL,NULL,NULL,NULL,NULL,NULL,NULL,'pending',NULL,NULL,'2019-06-27 19:56:16'),(378,'200400037','1','6',NULL,'1-C',NULL,'Storage Box, plastic, small','box','2','500','1000','2','2',NULL,NULL,NULL,NULL,NULL,NULL,NULL,NULL,NULL,NULL,NULL,'pending',NULL,NULL,'2019-06-27 19:56:16'),(379,'200400037','1','6',NULL,'1-C',NULL,'whiteboard 48 inches x 36 inches','pc','1','3000','3000','2','1',NULL,NULL,NULL,NULL,NULL,NULL,NULL,NULL,NULL,NULL,NULL,'pending',NULL,NULL,'2019-06-27 19:56:16'),(384,'201400177','1','6',NULL,'1-C',NULL,'Plastic Cover # 4','roll','1','1100','1100','2','1',NULL,NULL,NULL,NULL,NULL,NULL,NULL,NULL,NULL,NULL,NULL,'pending',NULL,NULL,'2019-06-27 19:56:16'),(385,'198100040','1','6',NULL,'1-C',NULL,'Carbon Paper (Int','pack','1','680','680','1','1',NULL,NULL,NULL,NULL,NULL,NULL,NULL,NULL,NULL,NULL,NULL,'pending',NULL,NULL,'2019-06-27 19:56:16'),(386,'198100040','1','6',NULL,'1-C',NULL,'Clock (Wall)','pc','1','500','500','2','1',NULL,NULL,NULL,NULL,NULL,NULL,NULL,NULL,NULL,NULL,NULL,'pending',NULL,NULL,'2019-06-27 19:56:16'),(387,'198100040','1','6',NULL,'1-C',NULL,'Construction paper,short,light blue','pc','5','3','15','1','5',NULL,NULL,NULL,NULL,NULL,NULL,NULL,NULL,NULL,NULL,NULL,'pending',NULL,NULL,'2019-06-27 19:56:16'),(388,'198100040','1','6',NULL,'1-C',NULL,'Construction paper,short,light yellow','pc','5','3','15','1','5',NULL,NULL,NULL,NULL,NULL,NULL,NULL,NULL,NULL,NULL,NULL,'pending',NULL,NULL,'2019-06-27 19:56:16'),(389,'198100040','1','6',NULL,'1-C',NULL,'Construction paper,short,orange','pc','5','3','15','1','5',NULL,NULL,NULL,NULL,NULL,NULL,NULL,NULL,NULL,NULL,NULL,'pending',NULL,NULL,'2019-06-27 19:56:16'),(390,'198100040','1','6',NULL,'1-C',NULL,'Construction paper,short,yellow green','pc','5','3','15','1','5',NULL,NULL,NULL,NULL,NULL,NULL,NULL,NULL,NULL,NULL,NULL,'pending',NULL,NULL,'2019-06-27 19:56:16'),(393,'198100040','1','6',NULL,'1-C',NULL,'Double Clip backfold 12pcs / box','box','5','65','325','1','5',NULL,NULL,NULL,NULL,NULL,NULL,NULL,NULL,NULL,NULL,NULL,'pending',NULL,NULL,'2019-06-27 19:56:16'),(395,'198100040','1','6',NULL,'1-C',NULL,'DOUBLE SIDED TAPE 2\"','pc','10','50','500','2','10',NULL,NULL,NULL,NULL,NULL,NULL,NULL,NULL,NULL,NULL,NULL,'pending',NULL,NULL,'2019-06-27 19:56:16'),(400,'198100040','1','6',NULL,'1-C',NULL,'HANDBOOK On Philippine Government Procurement (RA 9184), 8th Edition','booklet','20','29.12','582.4','2','20',NULL,NULL,NULL,NULL,NULL,NULL,NULL,NULL,NULL,NULL,NULL,'pending',NULL,NULL,'2019-06-27 19:56:16'),(401,'198100040','1','6',NULL,'1-C',NULL,'Heavy-Duty Staple Wire','pc','10','200','2000','2','10',NULL,NULL,NULL,NULL,NULL,NULL,NULL,NULL,NULL,NULL,NULL,'pending',NULL,NULL,'2019-06-27 19:56:16'),(402,'198100040','1','6',NULL,'1-C',NULL,'Heavy-Duty Stapler','pc','3','1300','3900','2','3',NULL,NULL,NULL,NULL,NULL,NULL,NULL,NULL,NULL,NULL,NULL,'pending',NULL,NULL,'2019-06-27 19:56:16'),(403,'198100040','1','6',NULL,'1-C',NULL,'Index Box 3 x 5','pc','4','150','600','2','4',NULL,NULL,NULL,NULL,NULL,NULL,NULL,NULL,NULL,NULL,NULL,'pending',NULL,NULL,'2019-06-27 19:56:16'),(404,'198100040','1','6',NULL,'1-C',NULL,'Index Box 5 x 8','pc','6','185','1110','2','6',NULL,NULL,NULL,NULL,NULL,NULL,NULL,NULL,NULL,NULL,NULL,'pending',NULL,NULL,'2019-06-27 19:56:16'),(405,'198100040','1','6',NULL,'1-C',NULL,'Index Card with lines','pack','25','50','1250','2','25',NULL,NULL,NULL,NULL,NULL,NULL,NULL,NULL,NULL,NULL,NULL,'pending',NULL,NULL,'2019-06-27 19:56:16'),(406,'198100040','1','6',NULL,'1-C',NULL,'Ink, stamp pad, 946 ml, violet','bottle','3','120','360','2','3',NULL,NULL,NULL,NULL,NULL,NULL,NULL,NULL,NULL,NULL,NULL,'pending',NULL,NULL,'2019-06-27 19:56:17'),(407,'198100040','1','6',NULL,'1-C',NULL,'Loose Leaf Cover 8 1/2 x 14 ( color yellow at upper portion)','prs.','16','90','1440','2','16',NULL,NULL,NULL,NULL,NULL,NULL,NULL,NULL,NULL,NULL,NULL,'pending',NULL,NULL,'2019-06-27 19:56:17'),(408,'198100040','1','6',NULL,'1-C',NULL,'Loose Leaf Cover 8 1/2 x 14 (color red with color combination blue at the upper portion)','prs.','16','90','1440','2','16',NULL,NULL,NULL,NULL,NULL,NULL,NULL,NULL,NULL,NULL,NULL,'pending',NULL,NULL,'2019-06-27 19:56:17'),(409,'198100040','1','6',NULL,'1-C',NULL,'Loose Leaf Cover Color Orange with Yellow Color at the upper portion','pairs','16','90','1440','2','16',NULL,NULL,NULL,NULL,NULL,NULL,NULL,NULL,NULL,NULL,NULL,'pending',NULL,NULL,'2019-06-27 19:56:17'),(410,'198100040','1','6',NULL,'1-C',NULL,'Loose Leaf Cover size A3 with Plastic Cover (color skyblue with combination color dark blue at the upper potion','prs.','6','200','1200','2','6',NULL,NULL,NULL,NULL,NULL,NULL,NULL,NULL,NULL,NULL,NULL,'pending',NULL,NULL,'2019-06-27 19:56:17'),(411,'198100040','1','6',NULL,'1-C',NULL,'Loose leaf cover,long','pair','25','200','5000','2','25',NULL,NULL,NULL,NULL,NULL,NULL,NULL,NULL,NULL,NULL,NULL,'pending',NULL,NULL,'2019-06-27 19:56:17'),(412,'198100040','1','6',NULL,'1-C',NULL,'Mouse pad','pcs','15','50','750','2','15',NULL,NULL,NULL,NULL,NULL,NULL,NULL,NULL,NULL,NULL,NULL,'pending',NULL,NULL,'2019-06-27 19:56:17'),(414,'198100040','1','6',NULL,'1-C',NULL,'Ribbon Film PC 402RF, (brother Fax-878)','roll','1','1290','1290','2','1',NULL,NULL,NULL,NULL,NULL,NULL,NULL,NULL,NULL,NULL,NULL,'pending',NULL,NULL,'2019-06-27 19:56:17'),(415,'198100040','1','6',NULL,'1-C',NULL,'Ring binder,two holes,blue','pc','500','150','75000','2','500',NULL,NULL,NULL,NULL,NULL,NULL,NULL,NULL,NULL,NULL,NULL,'pending',NULL,NULL,'2019-06-27 19:56:17'),(416,'198100040','1','6',NULL,'1-C',NULL,'Rubber Stamp','pc','5','200','1000','2','5',NULL,NULL,NULL,NULL,NULL,NULL,NULL,NULL,NULL,NULL,NULL,'pending',NULL,NULL,'2019-06-27 19:56:17'),(418,'198100040','1','6',NULL,'1-C',NULL,'Rubber stamp - Receive','pc','3','200','600','2','3',NULL,NULL,NULL,NULL,NULL,NULL,NULL,NULL,NULL,NULL,NULL,'pending',NULL,NULL,'2019-06-27 19:56:17'),(419,'198100040','1','6',NULL,'1-C',NULL,'Rubber stamp - signature facsimile of MS. THELMA B. AMANTE','pc','1','150','150','2','1',NULL,NULL,NULL,NULL,NULL,NULL,NULL,NULL,NULL,NULL,NULL,'pending',NULL,NULL,'2019-06-27 19:56:17'),(421,'198100040','1','6',NULL,'1-C',NULL,'Stamp, Name of Mrs. Elizabeth P. Tabasa','pc','7','52','364','2','7',NULL,NULL,NULL,NULL,NULL,NULL,NULL,NULL,NULL,NULL,NULL,'pending',NULL,NULL,'2019-06-27 19:56:17'),(422,'198100040','1','6',NULL,'1-C',NULL,'Staple Remover super strength stainless steel','pc','5','250','1250','2','5',NULL,NULL,NULL,NULL,NULL,NULL,NULL,NULL,NULL,NULL,NULL,'pending',NULL,NULL,'2019-06-27 19:56:17'),(423,'198100040','1','6',NULL,'1-C',NULL,'Staple Wire Remover Heavy-Duty scissor type','pcs','5','369','1845','2','5',NULL,NULL,NULL,NULL,NULL,NULL,NULL,NULL,NULL,NULL,NULL,'pending',NULL,NULL,'2019-06-27 19:56:17'),(424,'198100040','1','6',NULL,'1-C',NULL,'Stapler with remover','pc','25','110','2750','2','25',NULL,NULL,NULL,NULL,NULL,NULL,NULL,NULL,NULL,NULL,NULL,'pending',NULL,NULL,'2019-06-27 19:56:17'),(426,'198100040','1','6',NULL,'1-C',NULL,'Tape Despenser','pc','3','55.83','167.49','2','3',NULL,NULL,NULL,NULL,NULL,NULL,NULL,NULL,NULL,NULL,NULL,'pending',NULL,NULL,'2019-06-27 19:56:17'),(427,'198100040','1','6',NULL,'1-C',NULL,'Tape transparent 1/2\" x 90','roll','50','30','1500','2','50',NULL,NULL,NULL,NULL,NULL,NULL,NULL,NULL,NULL,NULL,NULL,'pending',NULL,NULL,'2019-06-27 19:56:17'),(428,'198100040','1','6',NULL,'1-C',NULL,'Tape,transparent, 2\"','roll','10','520','5200','2','10',NULL,NULL,NULL,NULL,NULL,NULL,NULL,NULL,NULL,NULL,NULL,'pending',NULL,NULL,'2019-06-27 19:56:17'),(430,'199200016','1','6',NULL,'1-C',NULL,'Adapter, Universal','pc','1','55','55','2','1',NULL,NULL,NULL,NULL,NULL,NULL,NULL,NULL,NULL,NULL,NULL,'pending',NULL,NULL,'2019-06-27 19:56:17'),(433,'199200016','1','6',NULL,'1-C',NULL,'Aluminum Screw 3\" , 100pcs','box','4','800','3200','2','4',NULL,NULL,NULL,NULL,NULL,NULL,NULL,NULL,NULL,NULL,NULL,'pending',NULL,NULL,'2019-06-27 19:56:18'),(434,'199200016','1','6',NULL,'1-C',NULL,'Banner for \"Philippine Civil Service Anniversary\", 6ft x 8ft','pc','3','960','2880','2','3',NULL,NULL,NULL,NULL,NULL,NULL,NULL,NULL,NULL,NULL,NULL,'pending',NULL,NULL,'2019-06-27 19:56:18'),(437,'199200016','1','6',NULL,'1-C',NULL,'Calculator, 12 digits, dual power','pc','3','800','2400','2','3',NULL,NULL,NULL,NULL,NULL,NULL,NULL,NULL,NULL,NULL,NULL,'pending',NULL,NULL,'2019-06-27 19:56:18'),(439,'199200016','1','6',NULL,'1-C',NULL,'Compensatory Time Off Cards','pcs','1','7','7','2','1',NULL,NULL,NULL,NULL,NULL,NULL,NULL,NULL,NULL,NULL,NULL,'pending',NULL,NULL,'2019-06-27 19:56:18'),(440,'199200016','1','6',NULL,'1-C',NULL,'Dater, 2018 above, medium','pcs','1','200','200','2','1',NULL,NULL,NULL,NULL,NULL,NULL,NULL,NULL,NULL,NULL,NULL,'pending',NULL,NULL,'2019-06-27 19:56:18'),(441,'199200016','1','6',NULL,'1-C',NULL,'Digital Voice Recorder','piece','5','6,270.42','30','2','5',NULL,NULL,NULL,NULL,NULL,NULL,NULL,NULL,NULL,NULL,NULL,'pending',NULL,NULL,'2019-06-27 19:56:18'),(443,'199200016','1','6',NULL,'1-C',NULL,'Duct Tape','roll','30','400','12000','2','30',NULL,NULL,NULL,NULL,NULL,NULL,NULL,NULL,NULL,NULL,NULL,'pending',NULL,NULL,'2019-06-27 19:56:18'),(445,'199200016','1','6',NULL,'1-C',NULL,'Ergonomic Swivel Chair, with arm rest, BLACK, heavy duty','pc','10','4500','45000','2','10',NULL,NULL,NULL,NULL,NULL,NULL,NULL,NULL,NULL,NULL,NULL,'pending',NULL,NULL,'2019-06-27 19:56:18'),(447,'199200016','1','6',NULL,'1-C',NULL,'Folder, long, WHITE','pc','2','4','8','2','2',NULL,NULL,NULL,NULL,NULL,NULL,NULL,NULL,NULL,NULL,NULL,'pending',NULL,NULL,'2019-06-27 19:56:18'),(449,'199200016','1','6',NULL,'1-C',NULL,'Glue Stick','pcs','10','10','100','2','10',NULL,NULL,NULL,NULL,NULL,NULL,NULL,NULL,NULL,NULL,NULL,'pending',NULL,NULL,'2019-06-27 19:56:18'),(453,'199200016','1','6',NULL,'1-C',NULL,'Ink Stamps - NAME TAG','pc','2','350','700','2','2',NULL,NULL,NULL,NULL,NULL,NULL,NULL,NULL,NULL,NULL,NULL,'pending',NULL,NULL,'2019-06-27 19:56:18'),(454,'199200016','1','6',NULL,'1-C',NULL,'Leave Cards','pcs','5','7','35','2','5',NULL,NULL,NULL,NULL,NULL,NULL,NULL,NULL,NULL,NULL,NULL,'pending',NULL,NULL,'2019-06-27 19:56:18'),(455,'199200016','1','6',NULL,'1-C',NULL,'Liquid Glue 473 ml','tube','1','250','250','2','1',NULL,NULL,NULL,NULL,NULL,NULL,NULL,NULL,NULL,NULL,NULL,'pending',NULL,NULL,'2019-06-27 19:56:18'),(456,'199200016','1','6',NULL,'1-C',NULL,'Marker Pen, Permanent, broad (black)','pc','25','25','625','2','25',NULL,NULL,NULL,NULL,NULL,NULL,NULL,NULL,NULL,NULL,NULL,'pending',NULL,NULL,'2019-06-27 19:56:18'),(457,'199200016','1','6',NULL,'1-C',NULL,'Masking Tape, 48 mm','roll','15','106.60','1599','2','15',NULL,NULL,NULL,NULL,NULL,NULL,NULL,NULL,NULL,NULL,NULL,'pending',NULL,NULL,'2019-06-27 19:56:18'),(459,'199200016','1','6',NULL,'1-C',NULL,'Pencil','pcs','20','5','100','2','20',NULL,NULL,NULL,NULL,NULL,NULL,NULL,NULL,NULL,NULL,NULL,'pending',NULL,NULL,'2019-06-27 19:56:18'),(460,'199200016','1','6',NULL,'1-C',NULL,'Plastic Envelope with handle','pc','10','20','200','2','10',NULL,NULL,NULL,NULL,NULL,NULL,NULL,NULL,NULL,NULL,NULL,'pending',NULL,NULL,'2019-06-27 19:56:18'),(462,'199200016','1','6',NULL,'1-C',NULL,'Scissors, 8\"','pair','6','200','1200','2','6',NULL,NULL,NULL,NULL,NULL,NULL,NULL,NULL,NULL,NULL,NULL,'pending',NULL,NULL,'2019-06-27 19:56:18'),(464,'199200016','1','6',NULL,'1-C',NULL,'Sign pen, 0.5 mm (green)','pc','15','30','450','2','15',NULL,NULL,NULL,NULL,NULL,NULL,NULL,NULL,NULL,NULL,NULL,'pending',NULL,NULL,'2019-06-27 19:56:18'),(465,'199200016','1','6',NULL,'1-C',NULL,'Sign pen, 0.5mm (black)','pc','40','25','1000','2','40',NULL,NULL,NULL,NULL,NULL,NULL,NULL,NULL,NULL,NULL,NULL,'pending',NULL,NULL,'2019-06-27 19:56:18'),(466,'199200016','1','6',NULL,'1-C',NULL,'Sign pen, 0.5mm (blue)','pc','30','25.02','750.6','2','30',NULL,NULL,NULL,NULL,NULL,NULL,NULL,NULL,NULL,NULL,NULL,'pending',NULL,NULL,'2019-06-27 19:56:18'),(467,'199200016','1','6',NULL,'1-C',NULL,'Stamp pad ink, 946 ml, violet','bottle','10','100','1000','2','10',NULL,NULL,NULL,NULL,NULL,NULL,NULL,NULL,NULL,NULL,NULL,'pending',NULL,NULL,'2019-06-27 19:56:18'),(471,'199200016','1','6',NULL,'1-C',NULL,'Tarpaulin for \"Newly Promoted / Appointed Employees of DOH RO7\", 2ft x 3ft','pc','12','120','1440','2','12',NULL,NULL,NULL,NULL,NULL,NULL,NULL,NULL,NULL,NULL,NULL,'pending',NULL,NULL,'2019-06-27 19:56:18'),(472,'199200016','1','6',NULL,'1-C',NULL,'Tissue paper','roll','40','14','560','1','40',NULL,NULL,NULL,NULL,NULL,NULL,NULL,NULL,NULL,NULL,NULL,'pending',NULL,NULL,'2019-06-27 19:56:19'),(474,'199200016','1','6',NULL,'1-C',NULL,'Triple AAA Battery (2 pcs per pack) rechargeable','pack','5','520','2600','2','5',NULL,NULL,NULL,NULL,NULL,NULL,NULL,NULL,NULL,NULL,NULL,'pending',NULL,NULL,'2019-06-27 19:56:19'),(476,'199200016','1','6',NULL,'1-C',NULL,'USB 4GB','piece','15','234','3510','2','15',NULL,NULL,NULL,NULL,NULL,NULL,NULL,NULL,NULL,NULL,NULL,'pending',NULL,NULL,'2019-06-27 19:56:19'),(478,'199200016','1','6',NULL,'1-C',NULL,'whiteboard pen','pc','5','37','185','2','5',NULL,NULL,NULL,NULL,NULL,NULL,NULL,NULL,NULL,NULL,NULL,'pending',NULL,NULL,'2019-06-27 19:56:19'),(479,'0135','27','6',NULL,NULL,NULL,'Key Duplicate','pc','1','150','150','1',NULL,NULL,NULL,NULL,NULL,'1',NULL,NULL,NULL,NULL,NULL,NULL,'approve',NULL,'2019-06-12 21:42:53','2019-06-17 23:21:17'),(480,'197900046','1','6',NULL,'1-C',NULL,'Tarpaulin 2 X 3','pcs','4','600','2400','2',NULL,NULL,NULL,NULL,NULL,'4',NULL,NULL,NULL,NULL,NULL,NULL,'pending',NULL,'2019-06-13 00:29:19','2019-06-27 19:56:19'),(481,'0454','12','6',NULL,NULL,NULL,'21\"  HD Led Monitor','unit','2','14999','29998','1','2',NULL,NULL,NULL,NULL,NULL,NULL,NULL,NULL,NULL,NULL,NULL,'approve',NULL,NULL,'2019-06-25 19:35:42'),(482,'0454','12','6',NULL,NULL,NULL,'Chair (Monobloc, without arm rest, beige/white)','PC','0','303.68','0','1','0',NULL,NULL,NULL,NULL,NULL,NULL,NULL,NULL,NULL,NULL,NULL,'approve',NULL,NULL,'2019-06-25 19:35:42'),(483,'0454','12','6',NULL,NULL,NULL,'Chair (Steel, with cushion)','pc','10','2500','25000','1','10',NULL,NULL,NULL,NULL,NULL,NULL,NULL,NULL,NULL,NULL,NULL,'approve',NULL,NULL,'2019-06-25 19:35:42'),(484,'0454','12','6',NULL,NULL,NULL,'Chair, Ergonomic, with roller','pcs','0','4500','0','1','0',NULL,NULL,NULL,NULL,NULL,NULL,NULL,NULL,NULL,NULL,NULL,'approve',NULL,NULL,'2019-06-25 19:35:42'),(485,'0454','12','6',NULL,NULL,NULL,'Computer Desk Top - CPU, Monitor, Keyboard, Mouse, UPS, AVR','unit','3','14990','44970','1','3',NULL,NULL,NULL,NULL,NULL,NULL,NULL,NULL,NULL,NULL,NULL,'approve',NULL,NULL,'2019-06-25 19:35:42'),(486,'0454','12','6',NULL,NULL,NULL,'Folding Table, 24ft x 48ft','unit','1','4000','4000','1','1',NULL,NULL,NULL,NULL,NULL,NULL,NULL,NULL,NULL,NULL,NULL,'approve',NULL,NULL,'2019-06-25 19:35:42'),(487,'0454','12','6',NULL,NULL,NULL,'Hi-Bac Executive Chair w/arm, with BIFMA gaslift, Mesh Black, Metal base chrome color','pc','4','7300','29200','1','4',NULL,NULL,NULL,NULL,NULL,NULL,NULL,NULL,NULL,NULL,NULL,'approve',NULL,NULL,'2019-06-25 19:35:42'),(488,'0454','12','6',NULL,NULL,NULL,'Table','pc','3','5000','15000','1','3',NULL,NULL,NULL,NULL,NULL,NULL,NULL,NULL,NULL,NULL,NULL,'approve',NULL,NULL,'2019-06-25 19:35:42'),(489,'0454','12','6',NULL,NULL,NULL,'Working Table, plastic','pc','0','1500','0','1','0',NULL,NULL,NULL,NULL,NULL,NULL,NULL,NULL,NULL,NULL,NULL,'approve',NULL,NULL,'2019-06-25 19:35:42'),(490,'0454','12','6',NULL,NULL,NULL,'Workstation (good for 1 person Table Top','units','0','13500','0','1','0',NULL,NULL,NULL,NULL,NULL,NULL,NULL,NULL,NULL,NULL,NULL,'approve',NULL,NULL,'2019-06-25 19:35:42'),(491,'0454','12','6',NULL,NULL,NULL,'Workstation (good for 4 person Table Top','units','0','9625','0','1','0',NULL,NULL,NULL,NULL,NULL,NULL,NULL,NULL,NULL,NULL,NULL,'approve',NULL,NULL,'2019-06-25 19:35:42'),(492,'0454','12','6',NULL,NULL,NULL,'16 Ports Gigabit LAN Switch','unit','1','4300','4300','1','1',NULL,NULL,NULL,NULL,NULL,NULL,NULL,NULL,NULL,NULL,NULL,'approve',NULL,NULL,'2019-06-25 19:35:42'),(493,'0454','12','6',NULL,NULL,NULL,'4 Ports Router','pc','0','5000','0','1','0',NULL,NULL,NULL,NULL,NULL,NULL,NULL,NULL,NULL,NULL,NULL,'approve',NULL,NULL,'2019-06-25 19:35:42'),(494,'0454','12','6',NULL,NULL,NULL,'4 Ports Wireless Router','pc','0','4000','0','1','0',NULL,NULL,NULL,NULL,NULL,NULL,NULL,NULL,NULL,NULL,NULL,'approve',NULL,NULL,'2019-06-25 19:35:42'),(495,'0454','12','6',NULL,NULL,NULL,'40\" Monitor','pc','2','14999','29998','1','2',NULL,NULL,NULL,NULL,NULL,NULL,NULL,NULL,NULL,NULL,NULL,'approve',NULL,NULL,'2019-06-25 19:35:42'),(496,'0454','12','6',NULL,NULL,NULL,'8 Ports Lan Switch Gigabit','pc','0','2000','0','1','0',NULL,NULL,NULL,NULL,NULL,NULL,NULL,NULL,NULL,NULL,NULL,'approve',NULL,NULL,'2019-06-25 19:35:42'),(497,'0454','12','6',NULL,NULL,NULL,'Adapter 9V','pc','0','500','0','1','0',NULL,NULL,NULL,NULL,NULL,NULL,NULL,NULL,NULL,NULL,NULL,'approve',NULL,NULL,'2019-06-25 19:35:42'),(498,'0454','12','6',NULL,NULL,NULL,'Adaptor, Universal','pc','1','55','55','1','1',NULL,NULL,NULL,NULL,NULL,NULL,NULL,NULL,NULL,NULL,NULL,'approve',NULL,NULL,'2019-06-25 19:35:42'),(499,'0454','12','6',NULL,NULL,NULL,'Airconditioner','unit','0','14990','0','1','0',NULL,NULL,NULL,NULL,NULL,NULL,NULL,NULL,NULL,NULL,NULL,'approve',NULL,NULL,'2019-06-25 19:35:42'),(500,'0454','12','6',NULL,NULL,NULL,'AVR - Automatic Voltage Regulator 500 watts','pc','9','500','4500','1','9',NULL,NULL,NULL,NULL,NULL,NULL,NULL,NULL,NULL,NULL,NULL,'approve',NULL,NULL,'2019-06-25 19:35:42'),(501,'0454','12','6',NULL,NULL,NULL,'AVR (IN : 150V-260V) ,(OUT : 110V-220V)','unit','3','4000','12000','1','3',NULL,NULL,NULL,NULL,NULL,NULL,NULL,NULL,NULL,NULL,NULL,'approve',NULL,NULL,'2019-06-25 19:35:42'),(502,'0454','12','6',NULL,NULL,NULL,'Barcode Scanner','unit','0','5000','0','1','0',NULL,NULL,NULL,NULL,NULL,NULL,NULL,NULL,NULL,NULL,NULL,'approve',NULL,NULL,'2019-06-25 19:35:43'),(503,'0454','12','6',NULL,NULL,NULL,'Battery Charger','pc','0','1500','0','1','0',NULL,NULL,NULL,NULL,NULL,NULL,NULL,NULL,NULL,NULL,NULL,'approve',NULL,NULL,'2019-06-25 19:35:43'),(504,'0454','12','6',NULL,NULL,NULL,'Cabinet, Steel, 72\" * 36\" * 18\" (4 drawers)','pc','0','0','0','1','0',NULL,NULL,NULL,NULL,NULL,NULL,NULL,NULL,NULL,NULL,NULL,'approve',NULL,NULL,'2019-06-25 19:35:43'),(505,'0454','12','6',NULL,NULL,NULL,'Camera, Digital','unit','0','0','0','1','0',NULL,NULL,NULL,NULL,NULL,NULL,NULL,NULL,NULL,NULL,NULL,'approve',NULL,NULL,'2019-06-25 19:35:43'),(506,'0454','12','6',NULL,NULL,NULL,'Computer Monitor (LED)','unit','6','9000','54000','1','6',NULL,NULL,NULL,NULL,NULL,NULL,NULL,NULL,NULL,NULL,NULL,'approve',NULL,NULL,'2019-06-25 19:35:43'),(507,'0454','12','6',NULL,NULL,NULL,'Copier (free use of machine)','pc','0','0','0','1','0',NULL,NULL,NULL,NULL,NULL,NULL,NULL,NULL,NULL,NULL,NULL,'approve',NULL,NULL,'2019-06-25 19:35:43'),(508,'0454','12','6',NULL,NULL,NULL,'Cordless Phone with base charger','unit','0','4000','0','1','0',NULL,NULL,NULL,NULL,NULL,NULL,NULL,NULL,NULL,NULL,NULL,'approve',NULL,NULL,'2019-06-25 19:35:43'),(509,'0454','12','6',NULL,NULL,NULL,'CPU','unit','6','14999','89994','1','6',NULL,NULL,NULL,NULL,NULL,NULL,NULL,NULL,NULL,NULL,NULL,'approve',NULL,NULL,'2019-06-25 19:35:43'),(510,'0454','12','6',NULL,NULL,NULL,'CPU Motherboard','unit','0','3000','0','1','0',NULL,NULL,NULL,NULL,NULL,NULL,NULL,NULL,NULL,NULL,NULL,'approve',NULL,NULL,'2019-06-25 19:35:43'),(511,'0454','12','6',NULL,NULL,NULL,'Crimper','pc','0','500','0','1','0',NULL,NULL,NULL,NULL,NULL,NULL,NULL,NULL,NULL,NULL,NULL,'approve',NULL,NULL,'2019-06-25 19:35:43'),(513,'0454','12','6',NULL,NULL,NULL,'Duplicating Machine(free use of machine)','pc','0','0','0','1','0',NULL,NULL,NULL,NULL,NULL,NULL,NULL,NULL,NULL,NULL,NULL,'approve',NULL,NULL,'2019-06-25 19:35:43'),(514,'0454','12','6',NULL,NULL,NULL,'Electric Tape','roll','5','40','200','1','5',NULL,NULL,NULL,NULL,NULL,NULL,NULL,NULL,NULL,NULL,NULL,'approve',NULL,NULL,'2019-06-25 19:35:43'),(515,'0454','12','6',NULL,NULL,NULL,'Extension Cord, 3m','pc','1','120','120','1','1',NULL,NULL,NULL,NULL,NULL,NULL,NULL,NULL,NULL,NULL,NULL,'approve',NULL,NULL,'2019-06-25 19:35:43'),(516,'0454','12','6',NULL,NULL,NULL,'Extension Wire','pc','4','500','2000','1','4',NULL,NULL,NULL,NULL,NULL,NULL,NULL,NULL,NULL,NULL,NULL,'approve',NULL,NULL,'2019-06-25 19:35:43'),(517,'0454','12','6',NULL,NULL,NULL,'EXTERNAL HARD DISK 1 Terabyte 2.5\"','unit','0','3300','0','1','0',NULL,NULL,NULL,NULL,NULL,NULL,NULL,NULL,NULL,NULL,NULL,'approve',NULL,NULL,'2019-06-25 19:35:43'),(518,'0454','12','6',NULL,NULL,NULL,'Facsimile Machine','unit','0','7250','0','1','0',NULL,NULL,NULL,NULL,NULL,NULL,NULL,NULL,NULL,NULL,NULL,'approve',NULL,NULL,'2019-06-25 19:35:43'),(519,'0454','12','6',NULL,NULL,NULL,'Fax Machine (selected sections only)','pc','0','0','0','1','0',NULL,NULL,NULL,NULL,NULL,NULL,NULL,NULL,NULL,NULL,NULL,'approve',NULL,NULL,'2019-06-25 19:35:43'),(520,'0454','12','6',NULL,NULL,NULL,'Hard Disk','pc','3','3000','9000','1','3',NULL,NULL,NULL,NULL,NULL,NULL,NULL,NULL,NULL,NULL,NULL,'approve',NULL,NULL,'2019-06-25 19:35:43'),(521,'0454','12','6',NULL,NULL,NULL,'HDMI connector, male to female','unit','2','500','1000','1','2',NULL,NULL,NULL,NULL,NULL,NULL,NULL,NULL,NULL,NULL,NULL,'approve',NULL,NULL,'2019-06-25 19:35:43'),(522,'0454','12','6',NULL,NULL,NULL,'HDMI cable, 10m','unit','3','1300','3900','1','3',NULL,NULL,NULL,NULL,NULL,NULL,NULL,NULL,NULL,NULL,NULL,'approve',NULL,NULL,'2019-06-25 19:35:44'),(523,'0454','12','6',NULL,NULL,NULL,'HDMI splitter, 4 ports','unit','1','1000','1000','1','1',NULL,NULL,NULL,NULL,NULL,NULL,NULL,NULL,NULL,NULL,NULL,'approve',NULL,NULL,'2019-06-25 19:35:44'),(524,'0454','12','6',NULL,NULL,NULL,'HDMI to VGA Adaptor','pc','1','600','600','1','1',NULL,NULL,NULL,NULL,NULL,NULL,NULL,NULL,NULL,NULL,NULL,'approve',NULL,NULL,'2019-06-25 19:35:44'),(525,'0454','12','6',NULL,NULL,NULL,'HP INK 680 (BLACK)','pc','0','550','0','1','0',NULL,NULL,NULL,NULL,NULL,NULL,NULL,NULL,NULL,NULL,NULL,'approve',NULL,NULL,'2019-06-25 19:35:44'),(526,'0454','12','6',NULL,NULL,NULL,'HP INK 680 (COLORED)','pc','0','550','0','1','0',NULL,NULL,NULL,NULL,NULL,NULL,NULL,NULL,NULL,NULL,NULL,'approve',NULL,NULL,'2019-06-25 19:35:44'),(527,'0454','12','6',NULL,NULL,NULL,'LAN Cable Tester','pc','0','300','0','1','0',NULL,NULL,NULL,NULL,NULL,NULL,NULL,NULL,NULL,NULL,NULL,'approve',NULL,NULL,'2019-06-25 19:35:44'),(528,'0454','12','6',NULL,NULL,NULL,'LAN Ethernet Cable','box','0','3800','0','1','0',NULL,NULL,NULL,NULL,NULL,NULL,NULL,NULL,NULL,NULL,NULL,'approve',NULL,NULL,'2019-06-25 19:35:44'),(529,'0454','12','6',NULL,NULL,NULL,'Laptop/Netbook','unit','0','14995','0','1','0',NULL,NULL,NULL,NULL,NULL,NULL,NULL,NULL,NULL,NULL,NULL,'approve',NULL,NULL,'2019-06-25 19:35:44'),(530,'0454','12','6',NULL,NULL,NULL,'LED Screen Rental, Lights and Sound System','job','0','80000','0','1','0',NULL,NULL,NULL,NULL,NULL,NULL,NULL,NULL,NULL,NULL,NULL,'approve',NULL,NULL,'2019-06-25 19:35:44'),(531,'0454','12','6',NULL,NULL,NULL,'Length/Height Board','pcs','0','4000','0','1','0',NULL,NULL,NULL,NULL,NULL,NULL,NULL,NULL,NULL,NULL,NULL,'approve',NULL,NULL,'2019-06-25 19:35:44'),(532,'0454','12','6',NULL,NULL,NULL,'Micro SD card, 64GB','unit','2','850','1700','1','2',NULL,NULL,NULL,NULL,NULL,NULL,NULL,NULL,NULL,NULL,NULL,'approve',NULL,NULL,'2019-06-25 19:35:44'),(533,'0454','12','6',NULL,NULL,NULL,'MICROPHONE','unit','0','1000','0','1','0',NULL,NULL,NULL,NULL,NULL,NULL,NULL,NULL,NULL,NULL,NULL,'approve',NULL,NULL,'2019-06-25 19:35:44'),(534,'0454','12','6',NULL,NULL,NULL,'Mouse','pc','0','300','0','1','0',NULL,NULL,NULL,NULL,NULL,NULL,NULL,NULL,NULL,NULL,NULL,'approve',NULL,NULL,'2019-06-25 19:35:44'),(536,'0454','12','6',NULL,NULL,NULL,'Multi Media Projector','unit','0','17472','0','1','0',NULL,NULL,NULL,NULL,NULL,NULL,NULL,NULL,NULL,NULL,NULL,'approve',NULL,NULL,'2019-06-25 19:35:44'),(538,'0454','12','6',NULL,NULL,NULL,'Network Switch (Managed)','unit','0','14999','0','1','0',NULL,NULL,NULL,NULL,NULL,NULL,NULL,NULL,NULL,NULL,NULL,'approve',NULL,NULL,'2019-06-25 19:35:44'),(539,'0454','12','6',NULL,NULL,NULL,'Portable External Hard Drive, 2TB, USB 3.0, slim portable','pcs','0','5000','0','1','0',NULL,NULL,NULL,NULL,NULL,NULL,NULL,NULL,NULL,NULL,NULL,'approve',NULL,NULL,'2019-06-25 19:35:44'),(540,'0454','12','6',NULL,NULL,NULL,'Power Supply','pc','0','750','0','1','0',NULL,NULL,NULL,NULL,NULL,NULL,NULL,NULL,NULL,NULL,NULL,'approve',NULL,NULL,'2019-06-25 19:35:44'),(541,'0454','12','6',NULL,NULL,NULL,'Printer with Scanner, (free use of machine)','unit','0','0','0','1','0',NULL,NULL,NULL,NULL,NULL,NULL,NULL,NULL,NULL,NULL,NULL,'approve',NULL,NULL,'2019-06-25 19:35:44'),(542,'0454','12','6',NULL,NULL,NULL,'Printer, Colored Continuous Ink Supply (CIS), four-in-one, withflat bed, auto document feeder, low priced ink cartridges(consumables)','unit','0','8000','0','1','0',NULL,NULL,NULL,NULL,NULL,NULL,NULL,NULL,NULL,NULL,NULL,'approve',NULL,NULL,'2019-06-25 19:35:44'),(543,'0454','12','6',NULL,NULL,NULL,'Printer, Colored, four-in-one, with flat bed, auto document feeder, low price ink cartridges (consumables)','unit','0','8000','0','1','0',NULL,NULL,NULL,NULL,NULL,NULL,NULL,NULL,NULL,NULL,NULL,'approve',NULL,NULL,'2019-06-25 19:35:44'),(544,'0454','12','6',NULL,NULL,NULL,'PRINTER/SCANNER/PHOTOCOPIER','unit','0','14999','0','1','0',NULL,NULL,NULL,NULL,NULL,NULL,NULL,NULL,NULL,NULL,NULL,'approve',NULL,NULL,'2019-06-25 19:35:44'),(545,'0454','12','6',NULL,NULL,NULL,'Projector WIFI Dongle','unit','0','2500','0','1','0',NULL,NULL,NULL,NULL,NULL,NULL,NULL,NULL,NULL,NULL,NULL,'approve',NULL,NULL,'2019-06-25 19:35:44'),(546,'0454','12','6',NULL,NULL,NULL,'PVC Moulding 1\"x 8Ft.','pcs','0','45','0','1','0',NULL,NULL,NULL,NULL,NULL,NULL,NULL,NULL,NULL,NULL,NULL,'approve',NULL,NULL,'2019-06-25 19:35:45'),(547,'0454','12','6',NULL,NULL,NULL,'RAM','pc','0','2000','0','1','0',NULL,NULL,NULL,NULL,NULL,NULL,NULL,NULL,NULL,NULL,NULL,'approve',NULL,NULL,'2019-06-25 19:35:45'),(548,'0454','12','6',NULL,NULL,NULL,'RAM, KVR1333D3N9 4G','unit','0','2500','0','1','0',NULL,NULL,NULL,NULL,NULL,NULL,NULL,NULL,NULL,NULL,NULL,'approve',NULL,NULL,'2019-06-25 19:35:45'),(549,'0454','12','6',NULL,NULL,NULL,'Rechargeable 9V Battery','pc','0','700','0','1','0',NULL,NULL,NULL,NULL,NULL,NULL,NULL,NULL,NULL,NULL,NULL,'approve',NULL,NULL,'2019-06-25 19:35:45'),(550,'0454','12','6',NULL,NULL,NULL,'Rechargeable AAA Battery','pc','18','500','9000','1','18',NULL,NULL,NULL,NULL,NULL,NULL,NULL,NULL,NULL,NULL,NULL,'approve',NULL,NULL,'2019-06-25 19:35:45'),(551,'0454','12','6',NULL,NULL,NULL,'Reflector for Camera Light','pc','0','1000','0','1','0',NULL,NULL,NULL,NULL,NULL,NULL,NULL,NULL,NULL,NULL,NULL,'approve',NULL,NULL,'2019-06-25 19:35:45'),(552,'0454','12','6',NULL,NULL,NULL,'RG - II Wire','pcs','0','50','0','1','0',NULL,NULL,NULL,NULL,NULL,NULL,NULL,NULL,NULL,NULL,NULL,'approve',NULL,NULL,'2019-06-25 19:35:45'),(554,'0454','12','6',NULL,NULL,NULL,'SD Card 32GB','pc','0','0','0','1','0',NULL,NULL,NULL,NULL,NULL,NULL,NULL,NULL,NULL,NULL,NULL,'approve',NULL,NULL,'2019-06-25 19:35:45'),(556,'0454','12','6',NULL,NULL,NULL,'Telephone Box','pc','0','50','0','1','0',NULL,NULL,NULL,NULL,NULL,NULL,NULL,NULL,NULL,NULL,NULL,'approve',NULL,NULL,'2019-06-25 19:35:45'),(557,'0454','12','6',NULL,NULL,NULL,'Telephone Wire','m','0','200','0','1','0',NULL,NULL,NULL,NULL,NULL,NULL,NULL,NULL,NULL,NULL,NULL,'approve',NULL,NULL,'2019-06-25 19:35:45'),(558,'0454','12','6',NULL,NULL,NULL,'Thermal Paste','pc','0','150','0','1','0',NULL,NULL,NULL,NULL,NULL,NULL,NULL,NULL,NULL,NULL,NULL,'approve',NULL,NULL,'2019-06-25 19:35:45'),(559,'0454','12','6',NULL,NULL,NULL,'Tripod','pc','0','1500','0','1','0',NULL,NULL,NULL,NULL,NULL,NULL,NULL,NULL,NULL,NULL,NULL,'approve',NULL,NULL,'2019-06-25 19:35:45'),(560,'0454','12','6',NULL,NULL,NULL,'UPS 650 VA','unit','23','4000','92000','1','23',NULL,NULL,NULL,NULL,NULL,NULL,NULL,NULL,NULL,NULL,NULL,'approve',NULL,NULL,'2019-06-25 19:35:45'),(561,'0454','12','6',NULL,NULL,NULL,'UPS AMPS : (650VA), Voltage : 150V-260V','unit','0','3500','0','1','0',NULL,NULL,NULL,NULL,NULL,NULL,NULL,NULL,NULL,NULL,NULL,'approve',NULL,NULL,'2019-06-25 19:35:45'),(562,'0454','12','6',NULL,NULL,NULL,'UPS Battery','pc','0','566.5','0','1','0',NULL,NULL,NULL,NULL,NULL,NULL,NULL,NULL,NULL,NULL,NULL,'approve',NULL,NULL,'2019-06-25 19:35:45'),(563,'0454','12','6',NULL,NULL,NULL,'UPS Battery, LA 1270 (12V, 7 Ah/20HR)','unit','4','1800','7200','1','4',NULL,NULL,NULL,NULL,NULL,NULL,NULL,NULL,NULL,NULL,NULL,'approve',NULL,NULL,'2019-06-25 19:35:45'),(565,'0454','12','6',NULL,NULL,NULL,'USB Wifi Receiver, 150 Mbps, Mini Wireless N USB Adapter','pcs','0','1000','0','1','0',NULL,NULL,NULL,NULL,NULL,NULL,NULL,NULL,NULL,NULL,NULL,'approve',NULL,NULL,'2019-06-25 19:35:45'),(566,'0454','12','6',NULL,NULL,NULL,'USB WIFI Router Receiver','pc','0','800','0','1','0',NULL,NULL,NULL,NULL,NULL,NULL,NULL,NULL,NULL,NULL,NULL,'approve',NULL,NULL,'2019-06-25 19:35:45'),(568,'0454','12','6',NULL,NULL,NULL,'Video Camera','unit','0','14999','0','1','0',NULL,NULL,NULL,NULL,NULL,NULL,NULL,NULL,NULL,NULL,NULL,'approve',NULL,NULL,'2019-06-25 19:35:45'),(569,'0454','12','6',NULL,NULL,NULL,'Wifi Reciever (USB)','unit','0','2000','0','1','0',NULL,NULL,NULL,NULL,NULL,NULL,NULL,NULL,NULL,NULL,NULL,'approve',NULL,NULL,'2019-06-25 19:35:45'),(570,'0454','12','6',NULL,NULL,NULL,'Wireless Access Point','unit','0','14999','0','1','0',NULL,NULL,NULL,NULL,NULL,NULL,NULL,NULL,NULL,NULL,NULL,'approve',NULL,NULL,'2019-06-25 19:35:46'),(571,'0454','12','6',NULL,NULL,NULL,'Wireless Keyboard and Mouse','set','0','1200','0','1','0',NULL,NULL,NULL,NULL,NULL,NULL,NULL,NULL,NULL,NULL,NULL,'approve',NULL,NULL,'2019-06-25 19:35:46'),(572,'0454','12','6',NULL,NULL,NULL,'Wireless Telephone','pcs','2','2500','5000','1','0',NULL,NULL,NULL,NULL,'2',NULL,NULL,NULL,NULL,NULL,NULL,'approve',NULL,NULL,'2019-06-25 19:35:46'),(573,'201900282','12','6',NULL,NULL,NULL,'Air freshene','lot','100','230','23000','1','100',NULL,NULL,NULL,NULL,NULL,NULL,NULL,NULL,NULL,NULL,NULL,'approve',NULL,NULL,'2019-06-25 19:35:46'),(574,'201900282','12','6',NULL,NULL,NULL,'Battery Water','ltrs','20','1200','24000','1','20',NULL,NULL,NULL,NULL,NULL,NULL,NULL,NULL,NULL,NULL,NULL,'approve',NULL,NULL,'2019-06-25 19:35:46'),(576,'201900282','12','6',NULL,NULL,NULL,'Chamoise','pcs','800','25','20000','1','800',NULL,NULL,NULL,NULL,NULL,NULL,NULL,NULL,NULL,NULL,NULL,'approve',NULL,NULL,'2019-06-25 19:35:46'),(577,'201900282','12','6',NULL,NULL,NULL,'Coolant','ltrs','15','600','9000','1','15',NULL,NULL,NULL,NULL,NULL,NULL,NULL,NULL,NULL,NULL,NULL,'approve',NULL,NULL,'2019-06-25 19:35:46'),(578,'201900282','12','6',NULL,NULL,NULL,'Diesel','ltrs','15000','55','825000','1','15000',NULL,NULL,NULL,NULL,NULL,NULL,NULL,NULL,NULL,NULL,NULL,'approve',NULL,NULL,'2019-06-25 19:35:46'),(579,'201900282','12','6',NULL,NULL,NULL,'Engine Oil (diesel)','ltrs','200','800','160000','1','200',NULL,NULL,NULL,NULL,NULL,NULL,NULL,NULL,NULL,NULL,NULL,'approve',NULL,NULL,'2019-06-25 19:35:46'),(580,'201900282','12','6',NULL,NULL,NULL,'Engine Oil (gasoline)','ltrs','200','600','120000','1','200',NULL,NULL,NULL,NULL,NULL,NULL,NULL,NULL,NULL,NULL,NULL,'approve',NULL,NULL,'2019-06-25 19:35:46'),(581,'201900282','12','6',NULL,NULL,NULL,'Fuel, Oil and Lubricants','lot','1','1500000','1500000','1','1',NULL,NULL,NULL,NULL,NULL,NULL,NULL,NULL,NULL,NULL,NULL,'approve',NULL,NULL,'2019-06-25 19:35:46'),(582,'201900282','12','6',NULL,NULL,NULL,'Gasoline','ltrs','12000','60','720000','1','12000',NULL,NULL,NULL,NULL,NULL,NULL,NULL,NULL,NULL,NULL,NULL,'approve',NULL,NULL,'2019-06-25 19:35:46'),(584,'201900282','12','6',NULL,NULL,NULL,'Tire black','ltrs','150','235','35250','1','150',NULL,NULL,NULL,NULL,NULL,NULL,NULL,NULL,NULL,NULL,NULL,'approve',NULL,NULL,'2019-06-25 19:35:46'),(585,'201900282','12','6',NULL,NULL,NULL,'Trekker','ltrs','150','200','30000','1','150',NULL,NULL,NULL,NULL,NULL,NULL,NULL,NULL,NULL,NULL,NULL,'approve',NULL,NULL,'2019-06-25 19:35:46'),(586,'199000052','12','6',NULL,NULL,NULL,'Mailing Services Terms and Conditions','year','1','360000','360000','1','1',NULL,NULL,NULL,NULL,NULL,NULL,NULL,NULL,NULL,NULL,NULL,'approve',NULL,NULL,'2019-06-25 19:35:46'),(587,'0135','12','6',NULL,NULL,NULL,'Rent Building','job','1','4000000','4000000','1','1',NULL,NULL,NULL,NULL,NULL,NULL,NULL,NULL,NULL,NULL,NULL,'approve',NULL,NULL,'2019-06-25 19:35:46'),(588,'198100040','12','6',NULL,NULL,NULL,'Representation Expense','job','1','30000','30000','1','1',NULL,NULL,NULL,NULL,NULL,NULL,NULL,NULL,NULL,NULL,NULL,'approve',NULL,NULL,'2019-06-25 19:35:46'),(589,'201900282','12','6',NULL,NULL,NULL,'4x8 Philippine flag','pc','5','500','2500','1','5',NULL,NULL,NULL,NULL,NULL,NULL,NULL,NULL,NULL,NULL,NULL,'approve',NULL,NULL,'2019-06-25 19:35:46'),(590,'0135','12','6',NULL,NULL,NULL,'Cable tie, 100s/pack','pack','2','120','240','1','2',NULL,NULL,NULL,NULL,NULL,NULL,NULL,NULL,NULL,NULL,NULL,'approve',NULL,NULL,'2019-06-25 19:35:46'),(591,'0135','12','6',NULL,NULL,NULL,'Calibration of hydrometer / digital thermometer','job','4','2000','8000','1','4',NULL,NULL,NULL,NULL,NULL,NULL,NULL,NULL,NULL,NULL,NULL,'approve',NULL,NULL,'2019-06-25 19:35:46'),(592,'0135','12','6',NULL,NULL,NULL,'Coated String Knit Work Gloves','pair','20','100','2000','1','20',NULL,NULL,NULL,NULL,NULL,NULL,NULL,NULL,NULL,NULL,NULL,'approve',NULL,NULL,'2019-06-25 19:35:46'),(593,'0135','12','6',NULL,NULL,NULL,'Digital Weigh Scale, 300kg','unit','1','20000','20000','1','1',NULL,NULL,NULL,NULL,NULL,NULL,NULL,NULL,NULL,NULL,NULL,'approve',NULL,NULL,'2019-06-25 19:35:46'),(595,'0135','12','6',NULL,NULL,NULL,'Evaporative Air Cooler','unit','4','40000','160000','1','4',NULL,NULL,NULL,NULL,NULL,NULL,NULL,NULL,NULL,NULL,NULL,'approve',NULL,NULL,'2019-06-25 19:35:46'),(596,'0135','12','6',NULL,NULL,NULL,'Faucet','pc','20','200','4000','1','20',NULL,NULL,NULL,NULL,NULL,NULL,NULL,NULL,NULL,NULL,NULL,'approve',NULL,NULL,'2019-06-25 19:35:47'),(597,'0135','12','6',NULL,NULL,NULL,'Fluorescent tube / bulb, LED','pc','50','350','17500','1','50',NULL,NULL,NULL,NULL,NULL,NULL,NULL,NULL,NULL,NULL,NULL,'approve',NULL,NULL,'2019-06-25 19:35:47'),(598,'0135','12','6',NULL,NULL,NULL,'Freight and handling services','job','1','6000000','6000000','1','1',NULL,NULL,NULL,NULL,NULL,NULL,NULL,NULL,NULL,NULL,NULL,'approve',NULL,NULL,'2019-06-25 19:35:47'),(599,'0135','12','6',NULL,NULL,NULL,'Hand Lift Pallet Truck, 2.5 tons','unit','1','20000','20000','1','1',NULL,NULL,NULL,NULL,NULL,NULL,NULL,NULL,NULL,NULL,NULL,'approve',NULL,NULL,'2019-06-25 19:35:47'),(600,'0135','12','6',NULL,NULL,NULL,'Hydrometer / Digital Thermometer, calibrated','unit','1','6000','6000','1','1',NULL,NULL,NULL,NULL,NULL,NULL,NULL,NULL,NULL,NULL,NULL,'approve',NULL,NULL,'2019-06-25 19:35:47'),(601,'0135','12','6',NULL,NULL,NULL,'Insecticide Spray, 600ml / 420g, can','can','30','170','5100','1','30',NULL,NULL,NULL,NULL,NULL,NULL,NULL,NULL,NULL,NULL,NULL,'approve',NULL,NULL,'2019-06-25 19:35:47'),(602,'0135','12','6',NULL,NULL,NULL,'Installation of Airconditioning Units at Hub-Warehouse','job','1','100000','100000','1','1',NULL,NULL,NULL,NULL,NULL,NULL,NULL,NULL,NULL,NULL,NULL,'approve',NULL,NULL,'2019-06-25 19:35:47'),(603,'0135','12','6',NULL,NULL,NULL,'LED Bulb 3 watts','pc','20','95','1900','1','20',NULL,NULL,NULL,NULL,NULL,NULL,NULL,NULL,NULL,NULL,NULL,'approve',NULL,NULL,'2019-06-25 19:35:47'),(604,'0135','12','6',NULL,NULL,NULL,'LED Bulb 5 watts','pc','20','95','1900','1','20',NULL,NULL,NULL,NULL,NULL,NULL,NULL,NULL,NULL,NULL,NULL,'approve',NULL,NULL,'2019-06-25 19:35:47'),(605,'0135','12','6',NULL,NULL,NULL,'Manual Hand Stacker, 1 ton','unit','1','100000','100000','1','1',NULL,NULL,NULL,NULL,NULL,NULL,NULL,NULL,NULL,NULL,NULL,'approve',NULL,NULL,'2019-06-25 19:35:47'),(606,'0135','12','6',NULL,NULL,NULL,'Paging System','job','1','50000','50000','1','1',NULL,NULL,NULL,NULL,NULL,NULL,NULL,NULL,NULL,NULL,NULL,'approve',NULL,NULL,'2019-06-25 19:35:47'),(607,'0135','12','6',NULL,NULL,NULL,'Rat trap (cage trap)','pc','7','250','1750','2','4',NULL,NULL,NULL,NULL,'3',NULL,NULL,NULL,NULL,NULL,NULL,'approve',NULL,NULL,'2019-06-26 17:06:47'),(608,'0135','12','6',NULL,NULL,NULL,'Rat trap (glue trap)','pc','100','5','500','2','100',NULL,NULL,NULL,NULL,NULL,NULL,NULL,NULL,NULL,NULL,NULL,'approve',NULL,NULL,'2019-06-26 17:06:47'),(609,'0135','12','6',NULL,NULL,NULL,'Refilling of fire exntinguisher','pc','4','1000','4000','1','4',NULL,NULL,NULL,NULL,NULL,NULL,NULL,NULL,NULL,NULL,NULL,'approve',NULL,NULL,'2019-06-25 19:35:47'),(610,'0135','12','6',NULL,NULL,NULL,'Water dispenser, big, with hot and cold','unit','2','5000','10000','1','2',NULL,NULL,NULL,NULL,NULL,NULL,NULL,NULL,NULL,NULL,NULL,'approve',NULL,NULL,'2019-06-25 19:35:47'),(611,'201900282','26','6',NULL,NULL,NULL,'1/2 Plywood (M)','sheets',NULL,'900',NULL,NULL,'15',NULL,NULL,NULL,NULL,NULL,NULL,NULL,NULL,NULL,NULL,NULL,'approve',NULL,NULL,NULL),(612,'201900282','26','6',NULL,NULL,NULL,'1/2\" PE Pipe Coupling','pcs',NULL,'200',NULL,NULL,'5',NULL,NULL,NULL,NULL,NULL,NULL,NULL,NULL,NULL,NULL,NULL,'approve',NULL,NULL,NULL),(613,'201900282','26','6',NULL,NULL,NULL,'1/2\" PVC C-clamp','pcs',NULL,'250',NULL,NULL,'3',NULL,NULL,NULL,NULL,NULL,NULL,NULL,NULL,NULL,NULL,NULL,'approve',NULL,NULL,NULL),(614,'201900282','26','6',NULL,NULL,NULL,'1/8 x 1\" Flat Bar','length',NULL,'850',NULL,NULL,'6',NULL,NULL,NULL,NULL,NULL,NULL,NULL,NULL,NULL,NULL,NULL,'approve',NULL,NULL,NULL),(615,'201900282','26','6',NULL,NULL,NULL,'3/0\" Washer','pcs',NULL,'120',NULL,NULL,'6',NULL,NULL,NULL,NULL,NULL,NULL,NULL,NULL,NULL,NULL,NULL,'approve',NULL,NULL,NULL),(616,'201900282','26','6',NULL,NULL,NULL,'3/16 x 2 Tox Screws','pcs',NULL,'1',NULL,NULL,'50',NULL,NULL,NULL,NULL,NULL,NULL,NULL,NULL,NULL,NULL,NULL,'approve',NULL,NULL,NULL),(617,'201900282','26','6',NULL,NULL,NULL,'3/4 Plywood (M)','sheets',NULL,'1300',NULL,NULL,'20',NULL,NULL,NULL,NULL,NULL,NULL,NULL,NULL,NULL,NULL,NULL,'approve',NULL,NULL,NULL),(619,'201900282','26','6',NULL,NULL,NULL,'Acrytex gloss white','gals',NULL,'800',NULL,NULL,'10',NULL,NULL,NULL,NULL,NULL,NULL,NULL,NULL,NULL,NULL,NULL,'approve',NULL,NULL,NULL),(620,'201900282','26','6',NULL,NULL,NULL,'Acrytex primer','gals',NULL,'750',NULL,NULL,'10',NULL,NULL,NULL,NULL,NULL,NULL,NULL,NULL,NULL,NULL,NULL,'approve',NULL,NULL,NULL),(621,'201900282','26','6',NULL,NULL,NULL,'Acrytex reducer','gals',NULL,'400',NULL,NULL,'10',NULL,NULL,NULL,NULL,NULL,NULL,NULL,NULL,NULL,NULL,NULL,'approve',NULL,NULL,NULL),(622,'201900282','26','6',NULL,NULL,NULL,'Aerotape','roll',NULL,'380',NULL,NULL,'5',NULL,NULL,NULL,NULL,NULL,NULL,NULL,NULL,NULL,NULL,NULL,'approve',NULL,NULL,NULL),(623,'201900282','26','6',NULL,NULL,NULL,'Angle valve','pc',NULL,'168',NULL,NULL,'8',NULL,NULL,NULL,NULL,NULL,NULL,NULL,NULL,NULL,NULL,NULL,'approve',NULL,NULL,NULL),(624,'201900282','26','6',NULL,NULL,NULL,'Angle valve 1/2x1/2','pcs',NULL,'290',NULL,NULL,'6',NULL,NULL,NULL,NULL,NULL,NULL,NULL,NULL,NULL,NULL,NULL,'approve',NULL,NULL,NULL),(625,'201900282','26','6',NULL,NULL,NULL,'Angle valve 1/2x1/4','pcs',NULL,'290',NULL,NULL,'6',NULL,NULL,NULL,NULL,NULL,NULL,NULL,NULL,NULL,NULL,NULL,'approve',NULL,NULL,NULL),(626,'201900282','26','6',NULL,NULL,NULL,'Angle valve, 1/2x1/2','pcs',NULL,'290',NULL,NULL,'6',NULL,NULL,NULL,NULL,NULL,NULL,NULL,NULL,NULL,NULL,NULL,'approve',NULL,NULL,NULL),(627,'201900282','26','6',NULL,NULL,NULL,'Angular (Alpha 21)','pcs',NULL,'350',NULL,NULL,'4',NULL,NULL,NULL,NULL,NULL,NULL,NULL,NULL,NULL,NULL,NULL,'approve',NULL,NULL,NULL),(628,'201900282','26','6',NULL,NULL,NULL,'Apollo Rugby (Contact Cement)','gals',NULL,'800',NULL,NULL,'2',NULL,NULL,NULL,NULL,NULL,NULL,NULL,NULL,NULL,NULL,NULL,'approve',NULL,NULL,NULL),(629,'201900282','26','6',NULL,NULL,NULL,'Assembly Telephone Cord','pcs',NULL,'70',NULL,NULL,'15',NULL,NULL,NULL,NULL,NULL,NULL,NULL,NULL,NULL,NULL,NULL,'approve',NULL,NULL,NULL),(630,'201900282','26','6',NULL,NULL,NULL,'Auto Lacquer Primer Surfacer','gal',NULL,'700',NULL,NULL,'20',NULL,NULL,NULL,NULL,NULL,NULL,NULL,NULL,NULL,NULL,NULL,'approve',NULL,NULL,NULL),(631,'201900282','26','6',NULL,NULL,NULL,'Auto Lacquer White','gal',NULL,'700',NULL,NULL,'20',NULL,NULL,NULL,NULL,NULL,NULL,NULL,NULL,NULL,NULL,NULL,'approve',NULL,NULL,NULL),(632,'201900282','26','6',NULL,NULL,NULL,'Automotive Lacquer thinner(Black)','gals',NULL,'800',NULL,NULL,'20',NULL,NULL,NULL,NULL,NULL,NULL,NULL,NULL,NULL,NULL,NULL,'approve',NULL,NULL,NULL),(633,'201900282','26','6',NULL,NULL,NULL,'Baby roler with tray','set',NULL,'60',NULL,NULL,'25',NULL,NULL,NULL,NULL,NULL,NULL,NULL,NULL,NULL,NULL,NULL,'approve',NULL,NULL,NULL),(634,'201900282','26','6',NULL,NULL,NULL,'Ball Valve 1\"','pcs',NULL,'550',NULL,NULL,'2',NULL,NULL,NULL,NULL,NULL,NULL,NULL,NULL,NULL,NULL,NULL,'approve',NULL,NULL,NULL),(635,'201900282','26','6',NULL,NULL,NULL,'Ball Valve 1/2\"','pcs',NULL,'350',NULL,NULL,'2',NULL,NULL,NULL,NULL,NULL,NULL,NULL,NULL,NULL,NULL,NULL,'approve',NULL,NULL,NULL),(637,'201900282','26','6',NULL,NULL,NULL,'Bended handle','pcs',NULL,'250',NULL,NULL,'3',NULL,NULL,NULL,NULL,NULL,NULL,NULL,NULL,NULL,NULL,NULL,'approve',NULL,NULL,NULL),(638,'201900282','26','6',NULL,NULL,NULL,'Blade','pc',NULL,'42',NULL,NULL,'4',NULL,NULL,NULL,NULL,NULL,NULL,NULL,NULL,NULL,NULL,NULL,'approve',NULL,NULL,NULL),(639,'201900282','26','6',NULL,NULL,NULL,'Body Filler','gal',NULL,'500',NULL,NULL,'12',NULL,NULL,NULL,NULL,NULL,NULL,NULL,NULL,NULL,NULL,NULL,'approve',NULL,NULL,NULL),(640,'201900282','26','6',NULL,NULL,NULL,'Bolt & Knot 1/2 x 3/8','pcs',NULL,'6',NULL,NULL,'30',NULL,NULL,NULL,NULL,'30',NULL,NULL,NULL,NULL,NULL,NULL,'approve',NULL,NULL,NULL),(641,'201900282','26','6',NULL,NULL,NULL,'Bolt 18MMx40MMx1.5','pc',NULL,'161',NULL,NULL,'1',NULL,NULL,NULL,NULL,NULL,NULL,NULL,NULL,NULL,NULL,NULL,'approve',NULL,NULL,NULL),(642,'201900282','26','6',NULL,NULL,NULL,'Bolt 5/16 x 2 L-S','pc',NULL,'10',NULL,NULL,'30',NULL,NULL,NULL,NULL,NULL,NULL,NULL,NULL,NULL,NULL,NULL,'approve',NULL,NULL,NULL),(643,'201900282','26','6',NULL,NULL,NULL,'Bolt with nut # 16','pc',NULL,'8',NULL,NULL,'8',NULL,NULL,NULL,NULL,NULL,NULL,NULL,NULL,NULL,NULL,NULL,'approve',NULL,NULL,NULL),(644,'201900282','26','6',NULL,NULL,NULL,'Bolt with nut 3/8x4','pcs',NULL,'10',NULL,NULL,'30',NULL,NULL,NULL,NULL,NULL,NULL,NULL,NULL,NULL,NULL,NULL,'approve',NULL,NULL,NULL),(645,'201900282','26','6',NULL,NULL,NULL,'Bulletin Red (OTC)','pint',NULL,'90',NULL,NULL,'50',NULL,NULL,NULL,NULL,NULL,NULL,NULL,NULL,NULL,NULL,NULL,'approve',NULL,NULL,NULL),(646,'201900282','26','6',NULL,NULL,NULL,'Burnt Umber (OTC)','pt',NULL,'70',NULL,NULL,'50',NULL,NULL,NULL,NULL,NULL,NULL,NULL,NULL,NULL,NULL,NULL,'approve',NULL,NULL,NULL),(647,'201900282','26','6',NULL,NULL,NULL,'Bushing','pcs',NULL,'40',NULL,NULL,'15',NULL,NULL,NULL,NULL,NULL,NULL,NULL,NULL,NULL,NULL,NULL,'approve',NULL,NULL,NULL),(648,'201900282','26','6',NULL,NULL,NULL,'Capacitor','pc',NULL,'260',NULL,NULL,'1',NULL,NULL,NULL,NULL,NULL,NULL,NULL,NULL,NULL,NULL,NULL,'approve',NULL,NULL,NULL),(649,'201900282','26','6',NULL,NULL,NULL,'Cement','bags',NULL,'190',NULL,NULL,'30',NULL,NULL,NULL,NULL,NULL,NULL,NULL,NULL,NULL,NULL,NULL,'approve',NULL,NULL,NULL),(650,'201900282','26','6',NULL,NULL,NULL,'CFL Bulb, 9 watts','pcs',NULL,'120',NULL,NULL,'50',NULL,NULL,NULL,NULL,NULL,NULL,NULL,NULL,NULL,NULL,NULL,'approve',NULL,NULL,NULL),(651,'201900282','26','6',NULL,NULL,NULL,'Charcoal tape 4\"','roll',NULL,'180',NULL,NULL,'5',NULL,NULL,NULL,NULL,NULL,NULL,NULL,NULL,NULL,NULL,NULL,'approve',NULL,NULL,NULL),(652,'201900282','26','6',NULL,NULL,NULL,'Circuit Breaker 20 amps','pcs',NULL,'400',NULL,NULL,'5',NULL,NULL,NULL,NULL,NULL,NULL,NULL,NULL,NULL,NULL,NULL,'approve',NULL,NULL,NULL),(653,'201900282','26','6',NULL,NULL,NULL,'Circuit Breaker 30 amps','pcs','6','400',NULL,NULL,'5',NULL,NULL,NULL,NULL,'1',NULL,NULL,NULL,NULL,NULL,NULL,'approve',NULL,NULL,NULL),(654,'201900282','26','6',NULL,NULL,NULL,'Circuit Breaker 40 amps','pcs',NULL,'400',NULL,NULL,'5',NULL,NULL,NULL,NULL,NULL,NULL,NULL,NULL,NULL,NULL,NULL,'approve',NULL,NULL,NULL),(655,'201900282','26','6',NULL,NULL,NULL,'Circuit Breaker w/ enclosure, Single pole (30 Amps)','pcs',NULL,'400',NULL,NULL,'2',NULL,NULL,NULL,NULL,NULL,NULL,NULL,NULL,NULL,NULL,NULL,'approve',NULL,NULL,NULL),(656,'201900282','26','6',NULL,NULL,NULL,'Coil Cleaner','gal',NULL,'800',NULL,NULL,'6',NULL,NULL,NULL,NULL,NULL,NULL,NULL,NULL,NULL,NULL,NULL,'approve',NULL,NULL,NULL),(657,'201900282','26','6',NULL,NULL,NULL,'Common nails # 3','kg',NULL,'50',NULL,NULL,'10',NULL,NULL,NULL,NULL,NULL,NULL,NULL,NULL,NULL,NULL,NULL,'approve',NULL,NULL,NULL),(658,'201900282','26','6',NULL,NULL,NULL,'Common nails #1\"','kg',NULL,'60',NULL,NULL,'10',NULL,NULL,NULL,NULL,NULL,NULL,NULL,NULL,NULL,NULL,NULL,'approve',NULL,NULL,NULL),(659,'201900282','26','6',NULL,NULL,NULL,'Common nails #2\"','kg',NULL,'80',NULL,NULL,'10',NULL,NULL,NULL,NULL,NULL,NULL,NULL,NULL,NULL,NULL,NULL,'approve',NULL,NULL,NULL),(660,'201900282','26','6',NULL,NULL,NULL,'Common nails #3\"','kg',NULL,'50',NULL,NULL,'10',NULL,NULL,NULL,NULL,NULL,NULL,NULL,NULL,NULL,NULL,NULL,'approve',NULL,NULL,NULL),(661,'201900282','26','6',NULL,NULL,NULL,'Common nails #4\"','kg',NULL,'60',NULL,NULL,'10',NULL,NULL,NULL,NULL,NULL,NULL,NULL,NULL,NULL,NULL,NULL,'approve',NULL,NULL,NULL),(662,'201900282','26','6',NULL,NULL,NULL,'Concrete nails #2 1/2','kg',NULL,'70',NULL,NULL,'10',NULL,NULL,NULL,NULL,NULL,NULL,NULL,NULL,NULL,NULL,NULL,'approve',NULL,NULL,NULL),(663,'201900282','26','6',NULL,NULL,NULL,'Concrete nails #3\"','kg',NULL,'60',NULL,NULL,'10',NULL,NULL,NULL,NULL,NULL,NULL,NULL,NULL,NULL,NULL,NULL,'approve',NULL,NULL,NULL),(664,'201900282','26','6',NULL,NULL,NULL,'Concrete nails #4\"','kg',NULL,'80',NULL,NULL,'10',NULL,NULL,NULL,NULL,NULL,NULL,NULL,NULL,NULL,NULL,NULL,'approve',NULL,NULL,NULL),(665,'201900282','26','6',NULL,NULL,NULL,'Connector 4/0','pc',NULL,'250',NULL,NULL,'3',NULL,NULL,NULL,NULL,NULL,NULL,NULL,NULL,NULL,NULL,NULL,'approve',NULL,NULL,NULL),(666,'201900282','26','6',NULL,NULL,NULL,'Copper tube 3/4','ft',NULL,'75',NULL,NULL,'4',NULL,NULL,NULL,NULL,NULL,NULL,NULL,NULL,NULL,NULL,NULL,'approve',NULL,NULL,NULL),(667,'201900282','26','6',NULL,NULL,NULL,'Copper tube 3/8','ft',NULL,'30',NULL,NULL,'3',NULL,NULL,NULL,NULL,NULL,NULL,NULL,NULL,NULL,NULL,NULL,'approve',NULL,NULL,NULL),(668,'201900282','26','6',NULL,NULL,NULL,'Coupling 1\"','pcs',NULL,'42',NULL,NULL,'10',NULL,NULL,NULL,NULL,NULL,NULL,NULL,NULL,NULL,NULL,NULL,'approve',NULL,NULL,NULL),(669,'201900282','26','6',NULL,NULL,NULL,'Coupling 1/2\"','pcs',NULL,'42',NULL,NULL,'10',NULL,NULL,NULL,NULL,NULL,NULL,NULL,NULL,NULL,NULL,NULL,'approve',NULL,NULL,NULL),(670,'201900282','26','6',NULL,NULL,NULL,'Coupling 2\"','pcs',NULL,'45',NULL,NULL,'10',NULL,NULL,NULL,NULL,NULL,NULL,NULL,NULL,NULL,NULL,NULL,'approve',NULL,NULL,NULL),(671,'201900282','26','6',NULL,NULL,NULL,'Coupling 3/4\"','pcs',NULL,'46',NULL,NULL,'10',NULL,NULL,NULL,NULL,NULL,NULL,NULL,NULL,NULL,NULL,NULL,'approve',NULL,NULL,NULL),(672,'201900282','26','6',NULL,NULL,NULL,'Coupling 5/8','pcs',NULL,'35',NULL,NULL,'10',NULL,NULL,NULL,NULL,NULL,NULL,NULL,NULL,NULL,NULL,NULL,'approve',NULL,NULL,NULL),(673,'201900282','26','6',NULL,NULL,NULL,'Coupling copper 3/4','pcs',NULL,'36',NULL,NULL,'10',NULL,NULL,NULL,NULL,NULL,NULL,NULL,NULL,NULL,NULL,NULL,'approve',NULL,NULL,NULL),(674,'201900282','26','6',NULL,NULL,NULL,'Coupling copper 3/8','pcs',NULL,'35',NULL,NULL,'10',NULL,NULL,NULL,NULL,NULL,NULL,NULL,NULL,NULL,NULL,NULL,'approve',NULL,NULL,NULL),(675,'201900282','26','6',NULL,NULL,NULL,'Coupling G I 1/2\"','pcs',NULL,'156',NULL,NULL,'12',NULL,NULL,NULL,NULL,NULL,NULL,NULL,NULL,NULL,NULL,NULL,'approve',NULL,NULL,NULL),(676,'201900282','26','6',NULL,NULL,NULL,'Cut Off Wheel','pc',NULL,'280',NULL,NULL,'2',NULL,NULL,NULL,NULL,NULL,NULL,NULL,NULL,NULL,NULL,NULL,'approve',NULL,NULL,NULL),(677,'201900282','26','6',NULL,NULL,NULL,'Cut Off wheel 14\" for steel','pcs',NULL,'565',NULL,NULL,'10',NULL,NULL,NULL,NULL,NULL,NULL,NULL,NULL,NULL,NULL,NULL,'approve',NULL,NULL,NULL),(678,'201900282','26','6',NULL,NULL,NULL,'Cut Off Wheel 4\'\'','pc',NULL,'43',NULL,NULL,'4',NULL,NULL,NULL,NULL,NULL,NULL,NULL,NULL,NULL,NULL,NULL,'approve',NULL,NULL,NULL),(679,'201900282','26','6',NULL,NULL,NULL,'Cutter Blade','pc',NULL,'95',NULL,NULL,'2',NULL,NULL,NULL,NULL,NULL,NULL,NULL,NULL,NULL,NULL,NULL,'approve',NULL,NULL,NULL),(680,'201900282','26','6',NULL,NULL,NULL,'Cutter knife','pc',NULL,'100',NULL,NULL,'2',NULL,NULL,NULL,NULL,NULL,NULL,NULL,NULL,NULL,NULL,NULL,'approve',NULL,NULL,NULL),(681,'201900282','26','6',NULL,NULL,NULL,'Cutting disc','pcs',NULL,'130',NULL,NULL,'5',NULL,NULL,NULL,NULL,NULL,NULL,NULL,NULL,NULL,NULL,NULL,'approve',NULL,NULL,NULL),(682,'201900282','26','6',NULL,NULL,NULL,'Cutting wheel','pcs',NULL,'500',NULL,NULL,'5',NULL,NULL,NULL,NULL,NULL,NULL,NULL,NULL,NULL,NULL,NULL,'approve',NULL,NULL,NULL),(683,'201900282','26','6',NULL,NULL,NULL,'Diamond blade 4\"','pcs',NULL,'5',NULL,NULL,'200',NULL,NULL,NULL,NULL,NULL,NULL,NULL,NULL,NULL,NULL,NULL,'approve',NULL,NULL,NULL),(684,'201900282','26','6',NULL,NULL,NULL,'Disposable gloves','boxes',NULL,'400',NULL,NULL,'3',NULL,NULL,NULL,NULL,NULL,NULL,NULL,NULL,NULL,NULL,NULL,'approve',NULL,NULL,NULL),(685,'201900282','26','6',NULL,NULL,NULL,'Door Closer','pc','1','1040','1040','1',NULL,NULL,NULL,NULL,NULL,'1',NULL,NULL,NULL,NULL,NULL,NULL,'pending',NULL,NULL,'2019-06-24 22:51:49'),(686,'201900282','26','6',NULL,NULL,NULL,'DOOR CLOSER (Automatic, Hydraulic)','set','8','2000','16000','1','8',NULL,NULL,NULL,NULL,NULL,NULL,NULL,NULL,NULL,NULL,NULL,'pending',NULL,NULL,'2019-06-24 22:51:49'),(687,'201900282','26','6',NULL,NULL,NULL,'Door handle # 4','pcs','20','15','300','2','20',NULL,NULL,NULL,NULL,NULL,NULL,NULL,NULL,NULL,NULL,NULL,'pending',NULL,NULL,'2019-06-24 22:51:49'),(689,'201900282','26','6',NULL,NULL,NULL,'Door Knob (Kwikset)','sets','10','720','7200','2','10',NULL,NULL,NULL,NULL,NULL,NULL,NULL,NULL,NULL,NULL,NULL,'pending',NULL,NULL,'2019-06-24 22:51:50'),(690,'201900282','26','6',NULL,NULL,NULL,'Door Lock','pc','2','160','320','2','2',NULL,NULL,NULL,NULL,NULL,NULL,NULL,NULL,NULL,NULL,NULL,'pending',NULL,NULL,'2019-06-24 22:51:50'),(691,'201900282','26','6',NULL,NULL,NULL,'Door Slide 16\"','pair','30','76','2280','2','30',NULL,NULL,NULL,NULL,NULL,NULL,NULL,NULL,NULL,NULL,NULL,'pending',NULL,NULL,'2019-06-24 22:51:50'),(692,'201900282','26','6',NULL,NULL,NULL,'Drawer Handle','pc',NULL,'40',NULL,NULL,'30',NULL,NULL,NULL,NULL,NULL,NULL,NULL,NULL,NULL,NULL,NULL,'approve',NULL,NULL,NULL),(693,'201900282','26','6',NULL,NULL,NULL,'Drawer Lock','pc',NULL,'180',NULL,NULL,'30',NULL,NULL,NULL,NULL,NULL,NULL,NULL,NULL,NULL,NULL,NULL,'approve',NULL,NULL,NULL),(694,'201900282','26','6',NULL,NULL,NULL,'Drawer Lock FL5015','pcs',NULL,'160',NULL,NULL,'30',NULL,NULL,NULL,NULL,NULL,NULL,NULL,NULL,NULL,NULL,NULL,'approve',NULL,NULL,NULL),(695,'201900282','26','6',NULL,NULL,NULL,'DRB 10MM','lgt',NULL,'140',NULL,NULL,'6',NULL,NULL,NULL,NULL,NULL,NULL,NULL,NULL,NULL,NULL,NULL,'approve',NULL,NULL,NULL),(696,'201900282','26','6',NULL,NULL,NULL,'Drill Bit 1/8','pc',NULL,'45',NULL,NULL,'15',NULL,NULL,NULL,NULL,NULL,NULL,NULL,NULL,NULL,NULL,NULL,'approve',NULL,NULL,NULL),(697,'201900282','26','6',NULL,NULL,NULL,'Drill Bit 1/8\" 309\"','pcs',NULL,'48',NULL,NULL,'10',NULL,NULL,NULL,NULL,NULL,NULL,NULL,NULL,NULL,NULL,NULL,'approve',NULL,NULL,NULL),(698,'201900282','26','6',NULL,NULL,NULL,'Drill Bit 3/16','pc',NULL,'88',NULL,NULL,'10',NULL,NULL,NULL,NULL,NULL,NULL,NULL,NULL,NULL,NULL,NULL,'approve',NULL,NULL,NULL),(699,'201900282','26','6',NULL,NULL,NULL,'Drill Bit 3/16\" 313\"','pcs',NULL,'90',NULL,NULL,'10',NULL,NULL,NULL,NULL,NULL,NULL,NULL,NULL,NULL,NULL,NULL,'approve',NULL,NULL,NULL),(700,'201900282','26','6',NULL,NULL,NULL,'Drill Bit 3MM','pc',NULL,'19',NULL,NULL,'5',NULL,NULL,NULL,NULL,NULL,NULL,NULL,NULL,NULL,NULL,NULL,'approve',NULL,NULL,NULL),(701,'201900282','26','6',NULL,NULL,NULL,'Drill Bit 5/32\" 311\"','pcs',NULL,'80',NULL,NULL,'10',NULL,NULL,NULL,NULL,NULL,NULL,NULL,NULL,NULL,NULL,NULL,'approve',NULL,NULL,NULL),(702,'201900282','26','6',NULL,NULL,NULL,'Drill Bit 5MM','pc',NULL,'44',NULL,NULL,'4',NULL,NULL,NULL,NULL,NULL,NULL,NULL,NULL,NULL,NULL,NULL,'approve',NULL,NULL,NULL),(703,'201900282','26','6',NULL,NULL,NULL,'Drill bit 9/64','pcs',NULL,'80',NULL,NULL,'10',NULL,NULL,NULL,NULL,NULL,NULL,NULL,NULL,NULL,NULL,NULL,'approve',NULL,NULL,NULL),(704,'201900282','26','6',NULL,NULL,NULL,'Dry wall Screw','pc',NULL,'53',NULL,NULL,'20',NULL,NULL,NULL,NULL,NULL,NULL,NULL,NULL,NULL,NULL,NULL,'approve',NULL,NULL,NULL),(705,'201900282','26','6',NULL,NULL,NULL,'Dry wall screw, 7 x 3/4','pcs',NULL,'50',NULL,NULL,'20',NULL,NULL,NULL,NULL,NULL,NULL,NULL,NULL,NULL,NULL,NULL,'approve',NULL,NULL,NULL),(708,'201900282','26','6',NULL,NULL,NULL,'Duplex Wire #l4','roll',NULL,'3000',NULL,NULL,'2',NULL,NULL,NULL,NULL,NULL,NULL,NULL,NULL,NULL,NULL,NULL,'approve',NULL,NULL,NULL),(709,'201900282','26','6',NULL,NULL,NULL,'Elbow copper 3/4','pcs',NULL,'50',NULL,NULL,'3',NULL,NULL,NULL,NULL,NULL,NULL,NULL,NULL,NULL,NULL,NULL,'approve',NULL,NULL,NULL),(710,'201900282','26','6',NULL,NULL,NULL,'Elbow copper 3/8','pcs',NULL,'26',NULL,NULL,'4',NULL,NULL,NULL,NULL,NULL,NULL,NULL,NULL,NULL,NULL,NULL,'approve',NULL,NULL,NULL),(711,'201900282','26','6',NULL,NULL,NULL,'Elbow, G I 1/2 x 90','pcs',NULL,'100',NULL,NULL,'5',NULL,NULL,NULL,NULL,NULL,NULL,NULL,NULL,NULL,NULL,NULL,'approve',NULL,NULL,NULL),(712,'201900282','26','6',NULL,NULL,NULL,'Electrical Rubber Tape','roll',NULL,'170',NULL,NULL,'5',NULL,NULL,NULL,NULL,NULL,NULL,NULL,NULL,NULL,NULL,NULL,'approve',NULL,NULL,NULL),(713,'201900282','26','6',NULL,NULL,NULL,'Electrical Tape','roll',NULL,'50',NULL,NULL,'100',NULL,NULL,NULL,NULL,NULL,NULL,NULL,NULL,NULL,NULL,NULL,'approve',NULL,NULL,NULL),(714,'201900282','26','6',NULL,NULL,NULL,'Electrical Tape (3M) black','roll',NULL,'37',NULL,NULL,'10',NULL,NULL,NULL,NULL,NULL,NULL,NULL,NULL,NULL,NULL,NULL,'approve',NULL,NULL,NULL),(715,'201900282','26','6',NULL,NULL,NULL,'Expansion bolt - 1/2','pc',NULL,'20',NULL,NULL,'20',NULL,NULL,NULL,NULL,NULL,NULL,NULL,NULL,NULL,NULL,NULL,'approve',NULL,NULL,NULL),(716,'201900282','26','6',NULL,NULL,NULL,'Expansion bolt - 3/8','pcs',NULL,'20',NULL,NULL,'20',NULL,NULL,NULL,NULL,NULL,NULL,NULL,NULL,NULL,NULL,NULL,'approve',NULL,NULL,NULL),(717,'201900282','26','6',NULL,NULL,NULL,'Fare','php',NULL,'1',NULL,NULL,'200',NULL,NULL,NULL,NULL,NULL,NULL,NULL,NULL,NULL,NULL,NULL,'approve',NULL,NULL,NULL),(718,'201900282','26','6',NULL,NULL,NULL,'Faucet 1/2','pcs',NULL,'185',NULL,NULL,'15',NULL,NULL,NULL,NULL,NULL,NULL,NULL,NULL,NULL,NULL,NULL,'approve',NULL,NULL,NULL),(719,'201900282','26','6',NULL,NULL,NULL,'Faucet sink','pcs',NULL,'650',NULL,NULL,'5',NULL,NULL,NULL,NULL,NULL,NULL,NULL,NULL,NULL,NULL,NULL,'approve',NULL,NULL,NULL),(720,'201900282','26','6',NULL,NULL,NULL,'Finishing Nails #1\"','kilo',NULL,'90',NULL,NULL,'10',NULL,NULL,NULL,NULL,NULL,NULL,NULL,NULL,NULL,NULL,NULL,'approve',NULL,NULL,NULL),(721,'201900282','26','6',NULL,NULL,NULL,'Finishing Nails #2','kilo',NULL,'90',NULL,NULL,'10',NULL,NULL,NULL,NULL,NULL,NULL,NULL,NULL,NULL,NULL,NULL,'approve',NULL,NULL,NULL),(722,'201900282','26','6',NULL,NULL,NULL,'Finishing Nails 2 1/2\"','kilo',NULL,'120',NULL,NULL,'10',NULL,NULL,NULL,NULL,NULL,NULL,NULL,NULL,NULL,NULL,NULL,'approve',NULL,NULL,NULL),(723,'201900282','26','6',NULL,NULL,NULL,'Flaring tools (standard size)','pc',NULL,'5000',NULL,NULL,'1',NULL,NULL,NULL,NULL,NULL,NULL,NULL,NULL,NULL,NULL,NULL,'approve',NULL,NULL,NULL),(724,'201900282','26','6',NULL,NULL,NULL,'Flat Union 1/2','pc',NULL,'120',NULL,NULL,'5',NULL,NULL,NULL,NULL,NULL,NULL,NULL,NULL,NULL,NULL,NULL,'approve',NULL,NULL,NULL),(725,'201900282','26','6',NULL,NULL,NULL,'Flat Union 1/4','pc',NULL,'25',NULL,NULL,'1',NULL,NULL,NULL,NULL,NULL,NULL,NULL,NULL,NULL,NULL,NULL,'approve',NULL,NULL,NULL),(726,'201900282','26','6',NULL,NULL,NULL,'Flexible hose 1/2/x1/2x12\"','pc',NULL,'93',NULL,NULL,'5',NULL,NULL,NULL,NULL,NULL,NULL,NULL,NULL,NULL,NULL,NULL,'approve',NULL,NULL,NULL),(727,'201900282','26','6',NULL,NULL,NULL,'Flexible hose 1/2x1/2','pcs',NULL,'190',NULL,NULL,'5',NULL,NULL,NULL,NULL,NULL,NULL,NULL,NULL,NULL,NULL,NULL,'approve',NULL,NULL,NULL),(728,'201900282','26','6',NULL,NULL,NULL,'Flexible hose 1/2x1/4','pcs',NULL,'190',NULL,NULL,'5',NULL,NULL,NULL,NULL,NULL,NULL,NULL,NULL,NULL,NULL,NULL,'approve',NULL,NULL,NULL),(729,'201900282','26','6',NULL,NULL,NULL,'Flexible hose 7/8x1/4','pcs',NULL,'188',NULL,NULL,'5',NULL,NULL,NULL,NULL,NULL,NULL,NULL,NULL,NULL,NULL,NULL,'approve',NULL,NULL,NULL),(730,'201900282','26','6',NULL,NULL,NULL,'Fluorescent bulb, 36 watts','pc',NULL,'62',NULL,NULL,'5',NULL,NULL,NULL,NULL,NULL,NULL,NULL,NULL,NULL,NULL,NULL,'approve',NULL,NULL,NULL),(731,'201900282','26','6',NULL,NULL,NULL,'Fluorescent holder','pcs',NULL,'55',NULL,NULL,'30',NULL,NULL,NULL,NULL,NULL,NULL,NULL,NULL,NULL,NULL,NULL,'approve',NULL,NULL,NULL),(732,'201900282','26','6',NULL,NULL,NULL,'Fluorescent lamp (36watts-daylight)','pc',NULL,'110',NULL,NULL,'100',NULL,NULL,NULL,NULL,NULL,NULL,NULL,NULL,NULL,NULL,NULL,'approve',NULL,NULL,NULL),(733,'201900282','26','6',NULL,NULL,NULL,'Fluorescent lamp starter (4-65 watts)','pc',NULL,'35',NULL,NULL,'100',NULL,NULL,NULL,NULL,NULL,NULL,NULL,NULL,NULL,NULL,NULL,'approve',NULL,NULL,NULL),(734,'201900282','26','6',NULL,NULL,NULL,'Freon R22','tank',NULL,'650',NULL,NULL,'5',NULL,NULL,NULL,NULL,NULL,NULL,NULL,NULL,NULL,NULL,NULL,'approve',NULL,NULL,NULL),(735,'201900282','26','6',NULL,NULL,NULL,'G I Coupling 1/2','pcs',NULL,'30',NULL,NULL,'10',NULL,NULL,NULL,NULL,NULL,NULL,NULL,NULL,NULL,NULL,NULL,'approve',NULL,NULL,NULL),(736,'201900282','26','6',NULL,NULL,NULL,'G I Elbow HD 1/2','pcs',NULL,'38',NULL,NULL,'10',NULL,NULL,NULL,NULL,NULL,NULL,NULL,NULL,NULL,NULL,NULL,'approve',NULL,NULL,NULL),(737,'201900282','26','6',NULL,NULL,NULL,'G I ST. Elbow HD 1/2','pcs',NULL,'29',NULL,NULL,'10',NULL,NULL,NULL,NULL,NULL,NULL,NULL,NULL,NULL,NULL,NULL,'approve',NULL,NULL,NULL),(738,'201900282','26','6',NULL,NULL,NULL,'G I Tee HD 1/2','pcs',NULL,'32',NULL,NULL,'10',NULL,NULL,NULL,NULL,NULL,NULL,NULL,NULL,NULL,NULL,NULL,'approve',NULL,NULL,NULL),(739,'201900282','26','6',NULL,NULL,NULL,'G I Union','pc',NULL,'60',NULL,NULL,'2',NULL,NULL,NULL,NULL,NULL,NULL,NULL,NULL,NULL,NULL,NULL,'approve',NULL,NULL,NULL),(740,'201900282','26','6',NULL,NULL,NULL,'G I wire no.16','kg',NULL,'70',NULL,NULL,'10',NULL,NULL,NULL,NULL,NULL,NULL,NULL,NULL,NULL,NULL,NULL,'approve',NULL,NULL,NULL),(741,'201900282','26','6',NULL,NULL,NULL,'Gas mask','pcs',NULL,'320',NULL,NULL,'4',NULL,NULL,NULL,NULL,NULL,NULL,NULL,NULL,NULL,NULL,NULL,'approve',NULL,NULL,NULL),(742,'201900282','26','6',NULL,NULL,NULL,'Gate Valve 1/2\"','pcs',NULL,'1200',NULL,NULL,'2',NULL,NULL,NULL,NULL,NULL,NULL,NULL,NULL,NULL,NULL,NULL,'approve',NULL,NULL,NULL),(743,'201900282','26','6',NULL,NULL,NULL,'Gold powder for paint mix','pack',NULL,'85',NULL,NULL,'15',NULL,NULL,NULL,NULL,NULL,NULL,NULL,NULL,NULL,NULL,NULL,'approve',NULL,NULL,NULL),(744,'201900282','26','6',NULL,NULL,NULL,'Grab Bar 16\'\'','pc',NULL,'351',NULL,NULL,'4',NULL,NULL,NULL,NULL,NULL,NULL,NULL,NULL,NULL,NULL,NULL,'approve',NULL,NULL,NULL),(745,'201900282','26','6',NULL,NULL,NULL,'Grab Bar 24\'\'','pc',NULL,'488',NULL,NULL,'6',NULL,NULL,NULL,NULL,NULL,NULL,NULL,NULL,NULL,NULL,NULL,'approve',NULL,NULL,NULL),(746,'201900282','26','6',NULL,NULL,NULL,'Gymsum Screw','pc',NULL,'1',NULL,NULL,'100',NULL,NULL,NULL,NULL,NULL,NULL,NULL,NULL,NULL,NULL,NULL,'approve',NULL,NULL,NULL),(747,'201900282','26','6',NULL,NULL,NULL,'Hacksaw Blade','pc',NULL,'27',NULL,NULL,'5',NULL,NULL,NULL,NULL,NULL,NULL,NULL,NULL,NULL,NULL,NULL,'approve',NULL,NULL,NULL),(748,'201900282','26','6',NULL,NULL,NULL,'Hand flex nail','kg',NULL,'85',NULL,NULL,'10',NULL,NULL,NULL,NULL,NULL,NULL,NULL,NULL,NULL,NULL,NULL,'approve',NULL,NULL,NULL),(749,'201900282','26','6',NULL,NULL,NULL,'Hand riveter','pcs',NULL,'90',NULL,NULL,'10',NULL,NULL,NULL,NULL,NULL,NULL,NULL,NULL,NULL,NULL,NULL,'approve',NULL,NULL,NULL),(750,'201900282','26','6',NULL,NULL,NULL,'Hanza Yellow (OTC)','pint',NULL,'70',NULL,NULL,'10',NULL,NULL,NULL,NULL,NULL,NULL,NULL,NULL,NULL,NULL,NULL,'approve',NULL,NULL,NULL),(751,'201900282','26','6',NULL,NULL,NULL,'Hardiflex Screw, 2 x 3/4','pcs',NULL,'2',NULL,NULL,'100',NULL,NULL,NULL,NULL,NULL,NULL,NULL,NULL,NULL,NULL,NULL,'approve',NULL,NULL,NULL),(752,'201900282','26','6',NULL,NULL,NULL,'Hardiflex screw, 7x3/4','pcs',NULL,'2',NULL,NULL,'100',NULL,NULL,NULL,NULL,NULL,NULL,NULL,NULL,NULL,NULL,NULL,'approve',NULL,NULL,NULL),(753,'201900282','26','6',NULL,NULL,NULL,'Hinges # 2','pair',NULL,'12',NULL,NULL,'50',NULL,NULL,NULL,NULL,NULL,NULL,NULL,NULL,NULL,NULL,NULL,'approve',NULL,NULL,NULL),(754,'201900282','26','6',NULL,NULL,NULL,'Hinges concealed','pairs',NULL,'15',NULL,NULL,'50',NULL,NULL,NULL,NULL,NULL,NULL,NULL,NULL,NULL,NULL,NULL,'approve',NULL,NULL,NULL),(755,'201900282','26','6',NULL,NULL,NULL,'Hinges loose pin 3x3','pairs',NULL,'20',NULL,NULL,'50',NULL,NULL,NULL,NULL,NULL,NULL,NULL,NULL,NULL,NULL,NULL,'approve',NULL,NULL,NULL),(756,'201900282','26','6',NULL,NULL,NULL,'Insulating Foam 10MMx1MM','roll',NULL,'3640',NULL,NULL,'1',NULL,NULL,NULL,NULL,NULL,NULL,NULL,NULL,NULL,NULL,NULL,'approve',NULL,NULL,NULL),(757,'201900282','26','6',NULL,NULL,NULL,'Labatory faucet 1/2','pcs',NULL,'185',NULL,NULL,'10',NULL,NULL,NULL,NULL,NULL,NULL,NULL,NULL,NULL,NULL,NULL,'approve',NULL,NULL,NULL),(758,'201900282','26','6',NULL,NULL,NULL,'Labatory medium','pcs',NULL,'560',NULL,NULL,'10',NULL,NULL,NULL,NULL,NULL,NULL,NULL,NULL,NULL,NULL,NULL,'approve',NULL,NULL,NULL),(759,'201900282','26','6',NULL,NULL,NULL,'Laboratory faucet','pc',NULL,'280',NULL,NULL,'10',NULL,NULL,NULL,NULL,NULL,NULL,NULL,NULL,NULL,NULL,NULL,'approve',NULL,NULL,NULL),(760,'201900282','26','6',NULL,NULL,NULL,'Lacquer flow','gal',NULL,'400',NULL,NULL,'10',NULL,NULL,NULL,NULL,NULL,NULL,NULL,NULL,NULL,NULL,NULL,'approve',NULL,NULL,NULL),(761,'201900282','26','6',NULL,NULL,NULL,'Lacquer flow (Amt. 390)','bot.',NULL,'60',NULL,NULL,'10',NULL,NULL,NULL,NULL,NULL,NULL,NULL,NULL,NULL,NULL,NULL,'approve',NULL,NULL,NULL),(763,'201900282','26','6',NULL,NULL,NULL,'Lacquer tinting color, blue','ltrs',NULL,'100',NULL,NULL,'10',NULL,NULL,NULL,NULL,NULL,NULL,NULL,NULL,NULL,NULL,NULL,'approve',NULL,NULL,NULL),(764,'201900282','26','6',NULL,NULL,NULL,'Lacquer tinting color, green','ltr',NULL,'100',NULL,NULL,'10',NULL,NULL,NULL,NULL,NULL,NULL,NULL,NULL,NULL,NULL,NULL,'approve',NULL,NULL,NULL),(765,'201900282','26','6',NULL,NULL,NULL,'Lacquer White','gal',NULL,'100',NULL,NULL,'10',NULL,NULL,NULL,NULL,NULL,NULL,NULL,NULL,NULL,NULL,NULL,'approve',NULL,NULL,NULL),(766,'201900282','26','6',NULL,NULL,NULL,'Lamp Black Oil Tinting Color','pint',NULL,'90',NULL,NULL,'10',NULL,NULL,NULL,NULL,NULL,NULL,NULL,NULL,NULL,NULL,NULL,'approve',NULL,NULL,NULL),(767,'201900282','26','6',NULL,NULL,NULL,'Latex Tinting Color, hanza yellow','ltrs',NULL,'90',NULL,NULL,'10',NULL,NULL,NULL,NULL,NULL,NULL,NULL,NULL,NULL,NULL,NULL,'approve',NULL,NULL,NULL),(768,'201900282','26','6',NULL,NULL,NULL,'Latex Tinting Color, raw sienna','ltrs',NULL,'90',NULL,NULL,'10',NULL,NULL,NULL,NULL,NULL,NULL,NULL,NULL,NULL,NULL,NULL,'approve',NULL,NULL,NULL),(769,'201900282','26','6',NULL,NULL,NULL,'Latex Tinting Color, venetian red','ltrs',NULL,'90',NULL,NULL,'10',NULL,NULL,NULL,NULL,NULL,NULL,NULL,NULL,NULL,NULL,NULL,'approve',NULL,NULL,NULL),(770,'201900282','26','6',NULL,NULL,NULL,'LED Bulb 10 watts','pc',NULL,'145',NULL,NULL,'5',NULL,NULL,NULL,NULL,NULL,NULL,NULL,NULL,NULL,NULL,NULL,'approve',NULL,NULL,NULL),(771,'201900282','26','6',NULL,NULL,NULL,'LED Bulb 11 watts','pc',NULL,'180',NULL,NULL,'15',NULL,NULL,NULL,NULL,NULL,NULL,NULL,NULL,NULL,NULL,NULL,'approve',NULL,NULL,NULL),(772,'201900282','26','6',NULL,NULL,NULL,'LED Bulb, Day light 36 watts','pc',NULL,'72',NULL,NULL,'2',NULL,NULL,NULL,NULL,NULL,NULL,NULL,NULL,NULL,NULL,NULL,'approve',NULL,NULL,NULL),(773,'201900282','26','6',NULL,NULL,NULL,'LED Bulb, Day light 9 watts','pc',NULL,'104',NULL,NULL,'15',NULL,NULL,NULL,NULL,NULL,NULL,NULL,NULL,NULL,NULL,NULL,'approve',NULL,NULL,NULL),(774,'201900282','26','6',NULL,NULL,NULL,'LED bulb, daylight, 12 watts','pcs',NULL,'160',NULL,NULL,'120',NULL,NULL,NULL,NULL,NULL,NULL,NULL,NULL,NULL,NULL,NULL,'approve',NULL,NULL,NULL),(775,'201900282','26','6',NULL,NULL,NULL,'LED bulb, daylight, 15 watts','pcs',NULL,'250',NULL,NULL,'50',NULL,NULL,NULL,NULL,NULL,NULL,NULL,NULL,NULL,NULL,NULL,'approve',NULL,NULL,NULL),(776,'201900282','26','6',NULL,NULL,NULL,'LED bulb,9 watts-daylights','pcs',NULL,'150',NULL,NULL,'25',NULL,NULL,NULL,NULL,NULL,NULL,NULL,NULL,NULL,NULL,NULL,'approve',NULL,NULL,NULL),(777,'201900282','26','6',NULL,NULL,NULL,'LED tube and Box type set (16 watts daylight)','sets',NULL,'260',NULL,NULL,'50',NULL,NULL,NULL,NULL,NULL,NULL,NULL,NULL,NULL,NULL,NULL,'approve',NULL,NULL,NULL),(778,'201900282','26','6',NULL,NULL,NULL,'Long Nose 8\'\'','pc',NULL,'1800',NULL,NULL,'3',NULL,NULL,NULL,NULL,NULL,NULL,NULL,NULL,NULL,NULL,NULL,'approve',NULL,NULL,NULL),(779,'201900282','26','6',NULL,NULL,NULL,'Masonry Drill Bit','pc',NULL,'34',NULL,NULL,'2',NULL,NULL,NULL,NULL,NULL,NULL,NULL,NULL,NULL,NULL,NULL,'approve',NULL,NULL,NULL),(780,'201900282','26','6',NULL,NULL,NULL,'Masonry Drill Bit 3MM 1/8','pc',NULL,'109',NULL,NULL,'1',NULL,NULL,NULL,NULL,NULL,NULL,NULL,NULL,NULL,NULL,NULL,'approve',NULL,NULL,NULL),(781,'201900282','26','6',NULL,NULL,NULL,'Metal Cutting','pc',NULL,'45',NULL,NULL,'5',NULL,NULL,NULL,NULL,NULL,NULL,NULL,NULL,NULL,NULL,NULL,'approve',NULL,NULL,NULL),(782,'201900282','26','6',NULL,NULL,NULL,'Multi Tester (Analog-SANWA)','pc',NULL,'2700',NULL,NULL,'4',NULL,NULL,NULL,NULL,NULL,NULL,NULL,NULL,NULL,NULL,NULL,'approve',NULL,NULL,NULL),(783,'201900282','26','6',NULL,NULL,NULL,'Multiple lights','pc',NULL,'70',NULL,NULL,'20',NULL,NULL,NULL,NULL,NULL,NULL,NULL,NULL,NULL,NULL,NULL,'approve',NULL,NULL,NULL),(784,'201900282','26','6',NULL,NULL,NULL,'Nitrogen','kg',NULL,'1500',NULL,NULL,'10',NULL,NULL,NULL,NULL,NULL,NULL,NULL,NULL,NULL,NULL,NULL,'approve',NULL,NULL,NULL),(785,'201900282','26','6',NULL,NULL,NULL,'Padlock # 140, 30MM','pc',NULL,'328',NULL,NULL,'1',NULL,NULL,NULL,NULL,NULL,NULL,NULL,NULL,NULL,NULL,NULL,'approve',NULL,NULL,NULL),(786,'201900282','26','6',NULL,NULL,NULL,'Paint brush 1\"','pcs',NULL,'12',NULL,NULL,'5',NULL,NULL,NULL,NULL,NULL,NULL,NULL,NULL,NULL,NULL,NULL,'approve',NULL,NULL,NULL),(787,'201900282','26','6',NULL,NULL,NULL,'Plug','pc',NULL,'38',NULL,NULL,'3',NULL,NULL,NULL,NULL,NULL,NULL,NULL,NULL,NULL,NULL,NULL,'approve',NULL,NULL,NULL),(788,'201900282','26','6',NULL,NULL,NULL,'Pressure gauge (high and low)','set',NULL,'1500',NULL,NULL,'1',NULL,NULL,NULL,NULL,NULL,NULL,NULL,NULL,NULL,NULL,NULL,'approve',NULL,NULL,NULL),(789,'201900282','26','6',NULL,NULL,NULL,'Pressure washer (portable)','set',NULL,'4000',NULL,NULL,'1',NULL,NULL,NULL,NULL,NULL,NULL,NULL,NULL,NULL,NULL,NULL,'approve',NULL,NULL,NULL),(790,'201900282','26','6',NULL,NULL,NULL,'PVC Elbow no. 2','pc',NULL,'14',NULL,NULL,'4',NULL,NULL,NULL,NULL,NULL,NULL,NULL,NULL,NULL,NULL,NULL,'approve',NULL,NULL,NULL),(791,'201900282','26','6',NULL,NULL,NULL,'Receptacle Socket','pc',NULL,'30',NULL,NULL,'20',NULL,NULL,NULL,NULL,NULL,NULL,NULL,NULL,NULL,NULL,NULL,'approve',NULL,NULL,NULL),(792,'201900282','26','6',NULL,NULL,NULL,'Receptacle socket 9 4 inches diameter)','pcs',NULL,'55',NULL,NULL,'50',NULL,NULL,NULL,NULL,NULL,NULL,NULL,NULL,NULL,NULL,NULL,'approve',NULL,NULL,NULL),(793,'201900282','26','6',NULL,NULL,NULL,'Round Tubing 20','pc',NULL,'451',NULL,NULL,'3',NULL,NULL,NULL,NULL,NULL,NULL,NULL,NULL,NULL,NULL,NULL,'approve',NULL,NULL,NULL),(795,'201900282','26','6',NULL,NULL,NULL,'Rubber Socket (heavy duty)','pcs',NULL,'95',NULL,NULL,'20',NULL,NULL,NULL,NULL,NULL,NULL,NULL,NULL,NULL,NULL,NULL,'approve',NULL,NULL,NULL),(796,'201900282','26','6',NULL,NULL,NULL,'Rubber Tape','pc',NULL,'85',NULL,NULL,'3',NULL,NULL,NULL,NULL,NULL,NULL,NULL,NULL,NULL,NULL,NULL,'approve',NULL,NULL,NULL),(797,'201900282','26','6',NULL,NULL,NULL,'Safety breaker','pc',NULL,'350',NULL,NULL,'1',NULL,NULL,NULL,NULL,NULL,NULL,NULL,NULL,NULL,NULL,NULL,'approve',NULL,NULL,NULL),(798,'201900282','26','6',NULL,NULL,NULL,'Safety gloves','pair',NULL,'750',NULL,NULL,'2',NULL,NULL,NULL,NULL,NULL,NULL,NULL,NULL,NULL,NULL,NULL,'approve',NULL,NULL,NULL),(799,'201900282','26','6',NULL,NULL,NULL,'Screw # 1','pc',NULL,'2',NULL,NULL,'132',NULL,NULL,NULL,NULL,NULL,NULL,NULL,NULL,NULL,NULL,NULL,'approve',NULL,NULL,NULL),(800,'201900282','26','6',NULL,NULL,NULL,'Screw 1 1/2','pc',NULL,'2',NULL,NULL,'1',NULL,NULL,NULL,NULL,NULL,NULL,NULL,NULL,NULL,NULL,NULL,'approve',NULL,NULL,NULL),(801,'201900282','26','6',NULL,NULL,NULL,'Shower Bidet','pc',NULL,'350',NULL,NULL,'1',NULL,NULL,NULL,NULL,NULL,NULL,NULL,NULL,NULL,NULL,NULL,'approve',NULL,NULL,NULL),(802,'201900282','26','6',NULL,NULL,NULL,'Socket 4\'\'','pc',NULL,'27',NULL,NULL,'4',NULL,NULL,NULL,NULL,NULL,NULL,NULL,NULL,NULL,NULL,NULL,'approve',NULL,NULL,NULL),(803,'201900282','26','6',NULL,NULL,NULL,'Soldering Iron 60 watts','pc',NULL,'2000',NULL,NULL,'3',NULL,NULL,NULL,NULL,NULL,NULL,NULL,NULL,NULL,NULL,NULL,'approve',NULL,NULL,NULL),(805,'201900282','26','6',NULL,NULL,NULL,'Soldering pump','pc',NULL,'2500',NULL,NULL,'3',NULL,NULL,NULL,NULL,NULL,NULL,NULL,NULL,NULL,NULL,NULL,'approve',NULL,NULL,NULL),(806,'201900282','26','6',NULL,NULL,NULL,'Starter','pc',NULL,'17',NULL,NULL,'5',NULL,NULL,NULL,NULL,NULL,NULL,NULL,NULL,NULL,NULL,NULL,'approve',NULL,NULL,NULL),(807,'201900282','26','6',NULL,NULL,NULL,'Steel plate','shts',NULL,'30',NULL,NULL,'15',NULL,NULL,NULL,NULL,NULL,NULL,NULL,NULL,NULL,NULL,NULL,'approve',NULL,NULL,NULL),(808,'201900282','26','6',NULL,NULL,NULL,'Tachometer with ISO Certificate','set',NULL,'5000',NULL,NULL,'1',NULL,NULL,NULL,NULL,NULL,NULL,NULL,NULL,NULL,NULL,NULL,'approve',NULL,NULL,NULL),(809,'201900282','26','6',NULL,NULL,NULL,'Tacker wire T50','pc',NULL,'200',NULL,NULL,'2',NULL,NULL,NULL,NULL,NULL,NULL,NULL,NULL,NULL,NULL,NULL,'approve',NULL,NULL,NULL),(810,'201900282','26','6',NULL,NULL,NULL,'Teflon Tape','pc',NULL,'150',NULL,NULL,'1',NULL,NULL,NULL,NULL,NULL,NULL,NULL,NULL,NULL,NULL,NULL,'approve',NULL,NULL,NULL),(811,'201900282','26','6',NULL,NULL,NULL,'Teflon Tape 1/2\"','pc',NULL,'20',NULL,NULL,'2',NULL,NULL,NULL,NULL,NULL,NULL,NULL,NULL,NULL,NULL,NULL,'approve',NULL,NULL,NULL),(812,'201900282','26','6',NULL,NULL,NULL,'Telephone Tester','set',NULL,'5500',NULL,NULL,'1',NULL,NULL,NULL,NULL,NULL,NULL,NULL,NULL,NULL,NULL,NULL,'approve',NULL,NULL,NULL),(813,'201900282','26','6',NULL,NULL,NULL,'Thinner','gal',NULL,'500',NULL,NULL,'4',NULL,NULL,NULL,NULL,NULL,NULL,NULL,NULL,NULL,NULL,NULL,'approve',NULL,NULL,NULL),(814,'201900282','26','6',NULL,NULL,NULL,'Tiles 20X20cm','pc',NULL,'20',NULL,NULL,'60',NULL,NULL,NULL,NULL,NULL,NULL,NULL,NULL,NULL,NULL,NULL,'approve',NULL,NULL,NULL),(815,'201900282','26','6',NULL,NULL,NULL,'Tombo 1/2','pc',NULL,'20',NULL,NULL,'5',NULL,NULL,NULL,NULL,NULL,NULL,NULL,NULL,NULL,NULL,NULL,'approve',NULL,NULL,NULL),(816,'201900282','26','6',NULL,NULL,NULL,'Tombo 3/4','pc',NULL,'28',NULL,NULL,'1',NULL,NULL,NULL,NULL,NULL,NULL,NULL,NULL,NULL,NULL,NULL,'approve',NULL,NULL,NULL),(817,'201900282','26','6',NULL,NULL,NULL,'Torch for map','pc',NULL,'1200',NULL,NULL,'2',NULL,NULL,NULL,NULL,NULL,NULL,NULL,NULL,NULL,NULL,NULL,'approve',NULL,NULL,NULL),(818,'201900282','26','6',NULL,NULL,NULL,'Tube 36 watts','pc',NULL,'71',NULL,NULL,'5',NULL,NULL,NULL,NULL,NULL,NULL,NULL,NULL,NULL,NULL,NULL,'approve',NULL,NULL,NULL),(819,'201900282','26','6',NULL,NULL,NULL,'Universal Plier 8\'\'','pc',NULL,'450',NULL,NULL,'7',NULL,NULL,NULL,NULL,NULL,NULL,NULL,NULL,NULL,NULL,NULL,'approve',NULL,NULL,NULL),(820,'201900282','26','6',NULL,NULL,NULL,'Vacuum Motor 1 hp with guage','unit',NULL,'6000',NULL,NULL,'1',NULL,NULL,NULL,NULL,NULL,NULL,NULL,NULL,NULL,NULL,NULL,'approve',NULL,NULL,NULL),(821,'201900282','26','6',NULL,NULL,NULL,'Volume GV 1/2','pc',NULL,'250',NULL,NULL,'3',NULL,NULL,NULL,NULL,NULL,NULL,NULL,NULL,NULL,NULL,NULL,'approve',NULL,NULL,NULL),(822,'201900282','26','6',NULL,NULL,NULL,'Vulcasel','qaurts',NULL,'418',NULL,NULL,'2',NULL,NULL,NULL,NULL,NULL,NULL,NULL,NULL,NULL,NULL,NULL,'approve',NULL,NULL,NULL),(823,'201900282','26','6',NULL,NULL,NULL,'Waste cotton','pc',NULL,'1',NULL,NULL,'160',NULL,NULL,NULL,NULL,NULL,NULL,NULL,NULL,NULL,NULL,NULL,'approve',NULL,NULL,NULL),(824,'201900282','26','6',NULL,NULL,NULL,'Welded wire 1/2x3','pc',NULL,'55',NULL,NULL,'5',NULL,NULL,NULL,NULL,NULL,NULL,NULL,NULL,NULL,NULL,NULL,'approve',NULL,NULL,NULL),(825,'201900282','26','6',NULL,NULL,NULL,'Welding Rod # 16','kg',NULL,'451',NULL,NULL,'1',NULL,NULL,NULL,NULL,NULL,NULL,NULL,NULL,NULL,NULL,NULL,'approve',NULL,NULL,NULL),(826,'201900282','27','6',NULL,NULL,NULL,'Ergonomic chair with semi high back rest and armrest black,','pc','2800','3','8400','1','2800',NULL,NULL,NULL,NULL,NULL,NULL,NULL,NULL,NULL,NULL,NULL,'approve',NULL,NULL,'2019-06-17 23:21:17'),(827,'201900282','27','6',NULL,NULL,NULL,'Silver rod','pc','5','50','250','1','5',NULL,NULL,NULL,NULL,NULL,NULL,NULL,NULL,NULL,NULL,NULL,'approve',NULL,NULL,'2019-06-17 23:21:18'),(828,'199000052','27','6',NULL,NULL,NULL,'One job labor and materials for upholstery of one big sofa and two single sofa of records section','job','1','3800','3800','1','1',NULL,NULL,NULL,NULL,NULL,NULL,NULL,NULL,NULL,NULL,NULL,'approve',NULL,NULL,'2019-06-17 23:21:18'),(829,'199000052','27','6',NULL,NULL,NULL,'Bulb 5 watts','pc','1','70','70','1','1',NULL,NULL,NULL,NULL,NULL,NULL,NULL,NULL,NULL,NULL,NULL,'approve',NULL,NULL,'2019-06-17 23:21:18'),(830,'199000052','27','6',NULL,NULL,NULL,'Cornice Moulding, 1 x 3','pc','3','140','420','1','3',NULL,NULL,NULL,NULL,NULL,NULL,NULL,NULL,NULL,NULL,NULL,'approve',NULL,NULL,'2019-06-17 23:21:18'),(831,'199000052','27','6',NULL,NULL,NULL,'Cove Moulding, 8ft','pc','3','75','225','1','3',NULL,NULL,NULL,NULL,NULL,NULL,NULL,NULL,NULL,NULL,NULL,'approve',NULL,NULL,'2019-06-17 23:21:18'),(832,'199000052','27','6',NULL,NULL,NULL,'Electrical Plug','pc','28','0','0','1','28',NULL,NULL,NULL,NULL,NULL,NULL,NULL,NULL,NULL,NULL,NULL,'approve',NULL,NULL,'2019-06-17 23:21:18'),(833,'199000052','27','6',NULL,NULL,NULL,'G. Screw, 1 1/2','pc','100','2','200','1','100',NULL,NULL,NULL,NULL,NULL,NULL,NULL,NULL,NULL,NULL,NULL,'approve',NULL,NULL,'2019-06-17 23:21:18'),(834,'199000052','27','6',NULL,NULL,NULL,'Nut and Bolt','pc','100','3','300','1','100',NULL,NULL,NULL,NULL,NULL,NULL,NULL,NULL,NULL,NULL,NULL,'approve',NULL,NULL,'2019-06-17 23:21:18'),(835,'199000052','27','6',NULL,NULL,NULL,'Padlock 60mm','pc','1','188','188','1','1',NULL,NULL,NULL,NULL,NULL,NULL,NULL,NULL,NULL,NULL,NULL,'approve',NULL,NULL,'2019-06-17 23:21:18'),(836,'199000052','27','6',NULL,NULL,NULL,'Plywood Marine 1/2\"','pcs','1','815','815','1','1',NULL,NULL,NULL,NULL,NULL,NULL,NULL,NULL,NULL,NULL,NULL,'approve',NULL,NULL,'2019-06-17 23:21:18'),(837,'199000052','27','6',NULL,NULL,NULL,'Rubber Gloves','pair','1','36','36','1','1',NULL,NULL,NULL,NULL,NULL,NULL,NULL,NULL,NULL,NULL,NULL,'approve',NULL,NULL,'2019-06-17 23:21:18'),(838,'199000052','27','6',NULL,NULL,NULL,'Screw Bit','pc','2','60','120','1','2',NULL,NULL,NULL,NULL,NULL,NULL,NULL,NULL,NULL,NULL,NULL,'approve',NULL,NULL,'2019-06-17 23:21:18'),(839,'199000052','27','6',NULL,NULL,NULL,'SOFA (at Warehouse waiting area)','pc','2','6500','13000','1','2',NULL,NULL,NULL,NULL,NULL,NULL,NULL,NULL,NULL,NULL,NULL,'approve',NULL,NULL,'2019-06-17 23:21:18'),(840,'199000052','27','6',NULL,NULL,NULL,'Working Table','job','2','10000','20000','1','2',NULL,NULL,NULL,NULL,NULL,NULL,NULL,NULL,NULL,NULL,NULL,'approve',NULL,NULL,'2019-06-17 23:21:18'),(841,'197900046','27','6',NULL,NULL,NULL,'Acrytex Clear','gal','1','850','850','1','1',NULL,NULL,NULL,NULL,NULL,NULL,NULL,NULL,NULL,NULL,NULL,'approve',NULL,NULL,'2019-06-17 23:21:19'),(842,'197900046','27','6',NULL,NULL,NULL,'Door closer','pc','2','1500','3000','2','2',NULL,NULL,NULL,NULL,NULL,NULL,NULL,NULL,NULL,NULL,NULL,'pending',NULL,NULL,'2019-06-24 22:51:50'),(843,'197900046','27','6',NULL,NULL,NULL,'Door Knob','pc','2','300','600','1','2',NULL,NULL,NULL,NULL,NULL,NULL,NULL,NULL,NULL,NULL,NULL,'pending',NULL,NULL,'2019-06-24 22:51:50'),(844,'197900046','27','6',NULL,NULL,NULL,'Gypsum Screw #2','pc','70','2','140','1','70',NULL,NULL,NULL,NULL,NULL,NULL,NULL,NULL,NULL,NULL,NULL,'approve',NULL,NULL,'2019-06-17 23:21:19'),(845,'197900046','27','6',NULL,NULL,NULL,'Lacquer Thinner','pc','7','500','3500','1','7',NULL,NULL,NULL,NULL,NULL,NULL,NULL,NULL,NULL,NULL,NULL,'approve',NULL,NULL,'2019-06-17 23:21:19'),(846,'197900046','27','6',NULL,NULL,NULL,'Moulding Plain DC 21, 1\"x2\" x 8ft','pc','10','132','1320','1','10',NULL,NULL,NULL,NULL,NULL,NULL,NULL,NULL,NULL,NULL,NULL,'approve',NULL,NULL,'2019-06-17 23:21:19'),(847,'197900046','27','6',NULL,NULL,NULL,'Ordinary Plywood 1/4','pc','16','350','5600','1','16',NULL,NULL,NULL,NULL,NULL,NULL,NULL,NULL,NULL,NULL,NULL,'approve',NULL,NULL,'2019-06-17 23:21:19'),(848,'198100040','27','6',NULL,NULL,NULL,'Auto lacquer Primer Surfacer','gal.','4','745','2980','1','4',NULL,NULL,NULL,NULL,NULL,NULL,NULL,NULL,NULL,NULL,NULL,'approve',NULL,NULL,'2019-06-17 23:21:19'),(849,'198100040','27','6',NULL,NULL,NULL,'Auto Lacquer Primer White','gal','3','795','2385','1','3',NULL,NULL,NULL,NULL,NULL,NULL,NULL,NULL,NULL,NULL,NULL,'approve',NULL,NULL,'2019-06-17 23:21:19'),(850,'198100040','27','6',NULL,NULL,NULL,'Diagonal Cutting Pliers 125mm','pc','1','180','180','1','1',NULL,NULL,NULL,NULL,NULL,NULL,NULL,NULL,NULL,NULL,NULL,'approve',NULL,NULL,'2019-06-17 23:21:19'),(851,'198100040','27','6',NULL,NULL,NULL,'Epoxy Primer Red Oxide','gal','2','710','1420','1','2',NULL,NULL,NULL,NULL,NULL,NULL,NULL,NULL,NULL,NULL,NULL,'approve',NULL,NULL,'2019-06-17 23:21:19'),(852,'198100040','27','6',NULL,NULL,NULL,'Epoxy Reducer','ltrs','1','440','440','1','1',NULL,NULL,NULL,NULL,NULL,NULL,NULL,NULL,NULL,NULL,NULL,'approve',NULL,NULL,'2019-06-17 23:21:19'),(853,'198100040','27','6',NULL,NULL,NULL,'Flat Bar 1 x 1/8 x 20, 3mm thickness','pc','5','210','1050','1','5',NULL,NULL,NULL,NULL,NULL,NULL,NULL,NULL,NULL,NULL,NULL,'approve',NULL,NULL,'2019-06-17 23:21:19'),(854,'198100040','27','6',NULL,NULL,NULL,'Fujiweld #12','kl','20','130','2600','1','20',NULL,NULL,NULL,NULL,NULL,NULL,NULL,NULL,NULL,NULL,NULL,'approve',NULL,NULL,'2019-06-17 23:21:20'),(855,'198100040','27','6',NULL,NULL,NULL,'Lacquer Flow','gal','1','600','600','1','1',NULL,NULL,NULL,NULL,NULL,NULL,NULL,NULL,NULL,NULL,NULL,'approve',NULL,NULL,'2019-06-17 23:21:20'),(857,'198100040','27','6',NULL,NULL,NULL,'Long Nose Pliers 150mm','pc','1','180','180','1','1',NULL,NULL,NULL,NULL,NULL,NULL,NULL,NULL,NULL,NULL,NULL,'approve',NULL,NULL,'2019-06-17 23:21:20'),(858,'198100040','27','6',NULL,NULL,NULL,'Mini-Roller #4','pcs','2','30','60','1','2',NULL,NULL,NULL,NULL,NULL,NULL,NULL,NULL,NULL,NULL,NULL,'approve',NULL,NULL,'2019-06-17 23:21:20'),(859,'198100040','27','6',NULL,NULL,NULL,'Oil tinting color, lamp black','pint','2','70','140','1','2',NULL,NULL,NULL,NULL,NULL,NULL,NULL,NULL,NULL,NULL,NULL,'approve',NULL,NULL,'2019-06-17 23:21:20'),(860,'198100040','27','6',NULL,NULL,NULL,'Oil Tinting color, Raw Sienna','pint','2','55','110','1','2',NULL,NULL,NULL,NULL,NULL,NULL,NULL,NULL,NULL,NULL,NULL,'approve',NULL,NULL,'2019-06-17 23:21:20'),(861,'198100040','27','6',NULL,NULL,NULL,'Paint Brush #2','pcs','2','32','64','1','2',NULL,NULL,NULL,NULL,NULL,NULL,NULL,NULL,NULL,NULL,NULL,'approve',NULL,NULL,'2019-06-17 23:21:20'),(862,'198100040','27','6',NULL,NULL,NULL,'Plywood Marine 3/4\"','pcs','6','1280','7680','1','6',NULL,NULL,NULL,NULL,NULL,NULL,NULL,NULL,NULL,NULL,NULL,'approve',NULL,NULL,'2019-06-17 23:21:20'),(863,'198100040','27','6',NULL,NULL,NULL,'Rust Converter','gal','1','430','430','1','1',NULL,NULL,NULL,NULL,NULL,NULL,NULL,NULL,NULL,NULL,NULL,'approve',NULL,NULL,'2019-06-17 23:21:20'),(864,'198100040','27','6',NULL,NULL,NULL,'Screw Drivers 2 x 125mm PH +','pc','1','75','75','1','1',NULL,NULL,NULL,NULL,NULL,NULL,NULL,NULL,NULL,NULL,NULL,'approve',NULL,NULL,'2019-06-17 23:21:20'),(865,'198100040','27','6',NULL,NULL,NULL,'Screw Drivers 6.5 x 100mm SL-','pc','1','70','70','1','1',NULL,NULL,NULL,NULL,NULL,NULL,NULL,NULL,NULL,NULL,NULL,'approve',NULL,NULL,'2019-06-17 23:21:20'),(866,'198100040','27','6',NULL,NULL,NULL,'Square Tube 1 x 20, 2.0mm thickness','pc','25','790','19750','1','25',NULL,NULL,NULL,NULL,NULL,NULL,NULL,NULL,NULL,NULL,NULL,'approve',NULL,NULL,'2019-06-17 23:21:21'),(867,'199200016','27','6',NULL,NULL,NULL,'Window Blinds, 16sq. ft, 50 x 46 inch, wood look, choco color','pc','1','4000','4000','1','1',NULL,NULL,NULL,NULL,NULL,NULL,NULL,NULL,NULL,NULL,NULL,'approve',NULL,NULL,'2019-06-17 23:21:21'),(868,'199200016','27','6',NULL,NULL,NULL,'Window Blinds, 18sq. ft, 50 x 50 inch, wood look, choco color','pc','1','4500','4500','1','1',NULL,NULL,NULL,NULL,NULL,NULL,NULL,NULL,NULL,NULL,NULL,'approve',NULL,NULL,'2019-06-17 23:21:21'),(869,'201700263','27','6',NULL,NULL,NULL,'Office folding table','pc','2','1800','3600','1','2',NULL,NULL,NULL,NULL,NULL,NULL,NULL,NULL,NULL,NULL,NULL,'approve',NULL,NULL,'2019-06-17 23:21:21'),(870,'201900282','33','6',NULL,NULL,NULL,'Belt for generator','pc',NULL,'400',NULL,NULL,'3',NULL,NULL,NULL,NULL,NULL,NULL,NULL,NULL,NULL,NULL,NULL,'approve',NULL,NULL,NULL),(871,'201900282','33','6',NULL,NULL,NULL,'Filter Drier','pc',NULL,'600',NULL,NULL,'3',NULL,NULL,NULL,NULL,NULL,NULL,NULL,NULL,NULL,NULL,NULL,'approve',NULL,NULL,NULL),(873,'201900282','33','6',NULL,NULL,NULL,'Generic 600 Watts power supply (CPU)','pc',NULL,'500',NULL,NULL,'2',NULL,NULL,NULL,NULL,NULL,NULL,NULL,NULL,NULL,NULL,NULL,'approve',NULL,NULL,NULL),(875,'201900282','33','6',NULL,NULL,NULL,'Soldering LED','meters',NULL,'1000',NULL,NULL,'7',NULL,NULL,NULL,NULL,NULL,NULL,NULL,NULL,NULL,NULL,NULL,'approve',NULL,NULL,NULL),(879,'197900046','33','6',NULL,NULL,NULL,'Access valve','pc',NULL,'22',NULL,NULL,'2',NULL,NULL,NULL,NULL,NULL,NULL,NULL,NULL,NULL,NULL,NULL,'approve',NULL,NULL,NULL),(880,'197900046','33','6',NULL,NULL,NULL,'Calibration of Thermohygrometer in 1 test point','lot',NULL,'1600',NULL,NULL,'3',NULL,NULL,NULL,NULL,NULL,NULL,NULL,NULL,NULL,NULL,NULL,'approve',NULL,NULL,NULL),(881,'197900046','33','6',NULL,NULL,NULL,'Capacitor 30UF 440V','pc',NULL,'565',NULL,NULL,'1',NULL,NULL,NULL,NULL,NULL,NULL,NULL,NULL,NULL,NULL,NULL,'approve',NULL,NULL,NULL),(882,'197900046','33','6',NULL,NULL,NULL,'Construction Helmet','pc',NULL,'140',NULL,NULL,'15',NULL,NULL,NULL,NULL,NULL,NULL,NULL,NULL,NULL,NULL,NULL,'approve',NULL,NULL,NULL),(883,'197900046','33','6',NULL,NULL,NULL,'Empty tank','pc',NULL,'100',NULL,NULL,'1',NULL,NULL,NULL,NULL,NULL,NULL,NULL,NULL,NULL,NULL,NULL,'approve',NULL,NULL,NULL),(885,'197900046','33','6',NULL,NULL,NULL,'Gloves','pc',NULL,'25',NULL,NULL,'20',NULL,NULL,NULL,NULL,NULL,NULL,NULL,NULL,NULL,NULL,NULL,'approve',NULL,NULL,NULL),(886,'197900046','33','6',NULL,NULL,NULL,'Mosquito Killer Lamp','pc',NULL,'1900',NULL,NULL,'1',NULL,NULL,NULL,NULL,NULL,NULL,NULL,NULL,NULL,NULL,NULL,'approve',NULL,NULL,NULL),(887,'197900046','33','6',NULL,NULL,NULL,'Mouse Glue Traps','pc',NULL,'49',NULL,NULL,'3',NULL,NULL,NULL,NULL,NULL,NULL,NULL,NULL,NULL,NULL,NULL,'approve',NULL,NULL,NULL),(888,'197900046','33','6',NULL,NULL,NULL,'Safety Shoes','pc',NULL,'1000',NULL,NULL,'14',NULL,NULL,NULL,NULL,NULL,NULL,NULL,NULL,NULL,NULL,NULL,'approve',NULL,NULL,NULL),(890,'197900046','33','6',NULL,NULL,NULL,'Strainer 1/4 x 1/4 x 1/8','pc',NULL,'48',NULL,NULL,'1',NULL,NULL,NULL,NULL,NULL,NULL,NULL,NULL,NULL,NULL,NULL,'approve',NULL,NULL,NULL),(891,'197900046','33','6',NULL,NULL,NULL,'Vest Reflector','pc',NULL,'100',NULL,NULL,'14',NULL,NULL,NULL,NULL,NULL,NULL,NULL,NULL,NULL,NULL,NULL,'approve',NULL,NULL,NULL),(892,'197900046','33','6',NULL,NULL,NULL,'Window Type Aircon','unit',NULL,'14999',NULL,NULL,'1',NULL,NULL,NULL,NULL,NULL,NULL,NULL,NULL,NULL,NULL,NULL,'approve',NULL,NULL,NULL),(893,'200400037','33','6',NULL,NULL,NULL,'Monitor','pc',NULL,'6000',NULL,NULL,'2',NULL,NULL,NULL,NULL,NULL,NULL,NULL,NULL,NULL,NULL,NULL,'approve',NULL,NULL,NULL),(895,'200400037','33','6',NULL,NULL,NULL,'Network Switch','unit',NULL,'4500',NULL,NULL,'2',NULL,NULL,NULL,NULL,NULL,NULL,NULL,NULL,NULL,NULL,NULL,'approve',NULL,NULL,NULL),(896,'200400037','33','6',NULL,NULL,NULL,'Rechargeable Battery','pc',NULL,'300',NULL,NULL,'5',NULL,NULL,NULL,NULL,NULL,NULL,NULL,NULL,NULL,NULL,NULL,'approve',NULL,NULL,NULL),(897,'200400037','33','6',NULL,NULL,NULL,'RG 11 wire','m',NULL,'70',NULL,NULL,'3',NULL,NULL,NULL,NULL,NULL,NULL,NULL,NULL,NULL,NULL,NULL,'approve',NULL,NULL,NULL),(898,'200400037','33','6',NULL,NULL,NULL,'SD card ( 32gb )','pc',NULL,'1500',NULL,NULL,'2',NULL,NULL,NULL,NULL,NULL,NULL,NULL,NULL,NULL,NULL,NULL,'approve',NULL,NULL,NULL),(900,'200400037','33','6',NULL,NULL,NULL,'UTP Cable,cat5e','box',NULL,'3800',NULL,NULL,'4',NULL,NULL,NULL,NULL,NULL,NULL,NULL,NULL,NULL,NULL,NULL,'approve',NULL,NULL,NULL),(901,'198100040','33','6',NULL,NULL,NULL,'Procurement Unit Repair and Maintenance-Other Machineries and Equipment','job',NULL,'130000',NULL,NULL,'1',NULL,NULL,NULL,NULL,NULL,NULL,NULL,NULL,NULL,NULL,NULL,'approve',NULL,NULL,NULL),(905,'201700263','33','6',NULL,NULL,NULL,'Silver Rod(medium)','pc',NULL,'50',NULL,NULL,'8',NULL,NULL,NULL,NULL,NULL,NULL,NULL,NULL,NULL,NULL,NULL,'approve',NULL,NULL,NULL),(907,'201900282','31','6',NULL,NULL,NULL,'185 X 70 R14, Tire','pc',NULL,'5000',NULL,NULL,'4',NULL,NULL,NULL,NULL,NULL,NULL,NULL,NULL,NULL,NULL,NULL,'approve',NULL,NULL,NULL),(908,'201900282','31','6',NULL,NULL,NULL,'265 X 70 R15, All Terrain Tire','pc',NULL,'10000',NULL,NULL,'4',NULL,NULL,NULL,NULL,NULL,NULL,NULL,NULL,NULL,NULL,NULL,'approve',NULL,NULL,NULL),(909,'201900282','31','6',NULL,NULL,NULL,'3/8x32 Connector hose','pc',NULL,'500',NULL,NULL,'5',NULL,NULL,NULL,NULL,NULL,NULL,NULL,NULL,NULL,NULL,NULL,'approve',NULL,NULL,NULL),(910,'201900282','31','6',NULL,NULL,NULL,'Acetylane','tank',NULL,'1500',NULL,NULL,'5',NULL,NULL,NULL,NULL,NULL,NULL,NULL,NULL,NULL,NULL,NULL,'approve',NULL,NULL,NULL),(911,'201900282','31','6',NULL,NULL,NULL,'ADJUSTABLE WRENCH 8\'\'','PC',NULL,'700',NULL,NULL,'11',NULL,NULL,NULL,NULL,NULL,NULL,NULL,NULL,NULL,NULL,NULL,'approve',NULL,NULL,NULL),(912,'201900282','31','6',NULL,NULL,NULL,'Air cleaner','pc',NULL,'480',NULL,NULL,'1',NULL,NULL,NULL,NULL,NULL,NULL,NULL,NULL,NULL,NULL,NULL,'approve',NULL,NULL,NULL),(913,'201900282','31','6',NULL,NULL,NULL,'Air filter','pc',NULL,'120',NULL,NULL,'1',NULL,NULL,NULL,NULL,NULL,NULL,NULL,NULL,NULL,NULL,NULL,'approve',NULL,NULL,NULL),(914,'201900282','31','6',NULL,NULL,NULL,'Air freshener','pc',NULL,'190',NULL,NULL,'50',NULL,NULL,NULL,NULL,NULL,NULL,NULL,NULL,NULL,NULL,NULL,'approve',NULL,NULL,NULL),(915,'201900282','31','6',NULL,NULL,NULL,'Aircon fan motor','pc',NULL,'1700',NULL,NULL,'2',NULL,NULL,NULL,NULL,NULL,NULL,NULL,NULL,NULL,NULL,NULL,'approve',NULL,NULL,NULL),(916,'201900282','31','6',NULL,NULL,NULL,'Aircon pulley','pc',NULL,'480',NULL,NULL,'1',NULL,NULL,NULL,NULL,NULL,NULL,NULL,NULL,NULL,NULL,NULL,'approve',NULL,NULL,NULL),(917,'201900282','31','6',NULL,NULL,NULL,'Alternator IC','pc',NULL,'1250',NULL,NULL,'1',NULL,NULL,NULL,NULL,NULL,NULL,NULL,NULL,NULL,NULL,NULL,'approve',NULL,NULL,NULL),(918,'201900282','31','6',NULL,NULL,NULL,'Angle Bar 2.5MMX1','lgt',NULL,'252',NULL,NULL,'1',NULL,NULL,NULL,NULL,NULL,NULL,NULL,NULL,NULL,NULL,NULL,'approve',NULL,NULL,NULL),(919,'201900282','31','6',NULL,NULL,NULL,'Arm Assembly','pc',NULL,'3900',NULL,NULL,'3',NULL,NULL,NULL,NULL,NULL,NULL,NULL,NULL,NULL,NULL,NULL,'approve',NULL,NULL,NULL),(920,'201900282','31','6',NULL,NULL,NULL,'Auto Bulbs','pc',NULL,'250',NULL,NULL,'22',NULL,NULL,NULL,NULL,NULL,NULL,NULL,NULL,NULL,NULL,NULL,'approve',NULL,NULL,NULL),(921,'201900282','31','6',NULL,NULL,NULL,'Auto wire','roll',NULL,'400',NULL,NULL,'2',NULL,NULL,NULL,NULL,NULL,NULL,NULL,NULL,NULL,NULL,NULL,'approve',NULL,NULL,NULL),(922,'201900282','31','6',NULL,NULL,NULL,'Auxiliary fan','pc',NULL,'1800',NULL,NULL,'5',NULL,NULL,NULL,NULL,NULL,NULL,NULL,NULL,NULL,NULL,NULL,'approve',NULL,NULL,NULL),(923,'201900282','31','6',NULL,NULL,NULL,'Battery 12 Volts N70','pc',NULL,'7000',NULL,NULL,'4',NULL,NULL,NULL,NULL,NULL,NULL,NULL,NULL,NULL,NULL,NULL,'approve',NULL,NULL,NULL),(924,'201900282','31','6',NULL,NULL,NULL,'Battery Cable','ft',NULL,'120',NULL,NULL,'4',NULL,NULL,NULL,NULL,NULL,NULL,NULL,NULL,NULL,NULL,NULL,'approve',NULL,NULL,NULL),(925,'201900282','31','6',NULL,NULL,NULL,'Battery Lug','ft',NULL,'15',NULL,NULL,'2',NULL,NULL,NULL,NULL,NULL,NULL,NULL,NULL,NULL,NULL,NULL,'approve',NULL,NULL,NULL),(926,'201900282','31','6',NULL,NULL,NULL,'Battery N50','unit',NULL,'6000',NULL,NULL,'4',NULL,NULL,NULL,NULL,NULL,NULL,NULL,NULL,NULL,NULL,NULL,'approve',NULL,NULL,NULL),(927,'201900282','31','6',NULL,NULL,NULL,'Battery N70','pc',NULL,'8000',NULL,NULL,'4',NULL,NULL,NULL,NULL,NULL,NULL,NULL,NULL,NULL,NULL,NULL,'approve',NULL,NULL,NULL),(928,'201900282','31','6',NULL,NULL,NULL,'Bearing','pc',NULL,'285',NULL,NULL,'2',NULL,NULL,NULL,NULL,NULL,NULL,NULL,NULL,NULL,NULL,NULL,'approve',NULL,NULL,NULL),(929,'201900282','31','6',NULL,NULL,NULL,'Bearing - 45449/10','pc',NULL,'200',NULL,NULL,'1',NULL,NULL,NULL,NULL,NULL,NULL,NULL,NULL,NULL,NULL,NULL,'approve',NULL,NULL,NULL),(930,'201900282','31','6',NULL,NULL,NULL,'Bearing - 630122','pc',NULL,'190',NULL,NULL,'1',NULL,NULL,NULL,NULL,NULL,NULL,NULL,NULL,NULL,NULL,NULL,'approve',NULL,NULL,NULL),(931,'201900282','31','6',NULL,NULL,NULL,'Bearing - EPBD-1729','pc',NULL,'1080',NULL,NULL,'1',NULL,NULL,NULL,NULL,NULL,NULL,NULL,NULL,NULL,NULL,NULL,'approve',NULL,NULL,NULL),(932,'201900282','31','6',NULL,NULL,NULL,'Belt','pc',NULL,'1980',NULL,NULL,'1',NULL,NULL,NULL,NULL,NULL,NULL,NULL,NULL,NULL,NULL,NULL,'approve',NULL,NULL,NULL),(933,'201900282','31','6',NULL,NULL,NULL,'Belt A-001','pc',NULL,'520',NULL,NULL,'1',NULL,NULL,NULL,NULL,NULL,NULL,NULL,NULL,NULL,NULL,NULL,'approve',NULL,NULL,NULL),(934,'201900282','31','6',NULL,NULL,NULL,'Belt A-23','pc',NULL,'230',NULL,NULL,'1',NULL,NULL,NULL,NULL,NULL,NULL,NULL,NULL,NULL,NULL,NULL,'approve',NULL,NULL,NULL),(935,'201900282','31','6',NULL,NULL,NULL,'Belt A-39','pc',NULL,'180',NULL,NULL,'2',NULL,NULL,NULL,NULL,NULL,NULL,NULL,NULL,NULL,NULL,NULL,'approve',NULL,NULL,NULL),(936,'201900282','31','6',NULL,NULL,NULL,'Bolt 10x1.25x25','pc',NULL,'10',NULL,NULL,'10',NULL,NULL,NULL,NULL,NULL,NULL,NULL,NULL,NULL,NULL,NULL,'approve',NULL,NULL,NULL),(937,'201900282','31','6',NULL,NULL,NULL,'Bolt 10x150x1.25','pc',NULL,'78',NULL,NULL,'5',NULL,NULL,NULL,NULL,NULL,NULL,NULL,NULL,NULL,NULL,NULL,'approve',NULL,NULL,NULL),(938,'201900282','31','6',NULL,NULL,NULL,'Bolt 10x40','pc',NULL,'7',NULL,NULL,'10',NULL,NULL,NULL,NULL,NULL,NULL,NULL,NULL,NULL,NULL,NULL,'approve',NULL,NULL,NULL),(939,'201900282','31','6',NULL,NULL,NULL,'Bolt 12MMx1.25','pc',NULL,'30',NULL,NULL,'5',NULL,NULL,NULL,NULL,NULL,NULL,NULL,NULL,NULL,NULL,NULL,'approve',NULL,NULL,NULL),(940,'201900282','31','6',NULL,NULL,NULL,'Bolt 12x40x1.5','pc',NULL,'30',NULL,NULL,'4',NULL,NULL,NULL,NULL,NULL,NULL,NULL,NULL,NULL,NULL,NULL,'approve',NULL,NULL,NULL),(941,'201900282','31','6',NULL,NULL,NULL,'Bolt 8x25','pc',NULL,'6',NULL,NULL,'10',NULL,NULL,NULL,NULL,NULL,NULL,NULL,NULL,NULL,NULL,NULL,'approve',NULL,NULL,NULL),(942,'201900282','31','6',NULL,NULL,NULL,'Bolt BH 8x100','pc',NULL,'15',NULL,NULL,'5',NULL,NULL,NULL,NULL,NULL,NULL,NULL,NULL,NULL,NULL,NULL,'approve',NULL,NULL,NULL),(943,'201900282','31','6',NULL,NULL,NULL,'Bolt with nut (W/N)','pc',NULL,'27',NULL,NULL,'5',NULL,NULL,NULL,NULL,NULL,NULL,NULL,NULL,NULL,NULL,NULL,'approve',NULL,NULL,NULL),(944,'201900282','31','6',NULL,NULL,NULL,'Bolt with nut 10x25','pc',NULL,'10',NULL,NULL,'15',NULL,NULL,NULL,NULL,NULL,NULL,NULL,NULL,NULL,NULL,NULL,'approve',NULL,NULL,NULL),(945,'201900282','31','6',NULL,NULL,NULL,'Bolt with nut 3/8','pc',NULL,'1',NULL,NULL,'4',NULL,NULL,NULL,NULL,NULL,NULL,NULL,NULL,NULL,NULL,NULL,'approve',NULL,NULL,NULL),(946,'201900282','31','6',NULL,NULL,NULL,'Bolt with nut 8x25','pc',NULL,'7',NULL,NULL,'20',NULL,NULL,NULL,NULL,NULL,NULL,NULL,NULL,NULL,NULL,NULL,'approve',NULL,NULL,NULL),(947,'201900282','31','6',NULL,NULL,NULL,'Bolt with nut M8','pc',NULL,'16',NULL,NULL,'4',NULL,NULL,NULL,NULL,NULL,NULL,NULL,NULL,NULL,NULL,NULL,'approve',NULL,NULL,NULL),(948,'201900282','31','6',NULL,NULL,NULL,'Bolt with Nut, 10X40','pc',NULL,'90',NULL,NULL,'2',NULL,NULL,NULL,NULL,NULL,NULL,NULL,NULL,NULL,NULL,NULL,'approve',NULL,NULL,NULL),(949,'201900282','31','6',NULL,NULL,NULL,'Bolt10x30x1.25','pc',NULL,'78',NULL,NULL,'10',NULL,NULL,NULL,NULL,NULL,NULL,NULL,NULL,NULL,NULL,NULL,'approve',NULL,NULL,NULL),(950,'201900282','31','6',NULL,NULL,NULL,'Bolt10x40x1.25','pc',NULL,'19',NULL,NULL,'4',NULL,NULL,NULL,NULL,NULL,NULL,NULL,NULL,NULL,NULL,NULL,'approve',NULL,NULL,NULL),(951,'201900282','31','6',NULL,NULL,NULL,'Bosch Relay','pc',NULL,'120',NULL,NULL,'6',NULL,NULL,NULL,NULL,NULL,NULL,NULL,NULL,NULL,NULL,NULL,'approve',NULL,NULL,NULL),(952,'201900282','31','6',NULL,NULL,NULL,'Bosch Socket','pc',NULL,'50',NULL,NULL,'4',NULL,NULL,NULL,NULL,NULL,NULL,NULL,NULL,NULL,NULL,NULL,'approve',NULL,NULL,NULL),(953,'201900282','31','6',NULL,NULL,NULL,'Bracket','pc',NULL,'1000',NULL,NULL,'1',NULL,NULL,NULL,NULL,NULL,NULL,NULL,NULL,NULL,NULL,NULL,'approve',NULL,NULL,NULL),(954,'201900282','31','6',NULL,NULL,NULL,'Brake Fluid','lit.',NULL,'240',NULL,NULL,'1',NULL,NULL,NULL,NULL,NULL,NULL,NULL,NULL,NULL,NULL,NULL,'approve',NULL,NULL,NULL),(955,'201900282','31','6',NULL,NULL,NULL,'Brake Master Assembly','pc',NULL,'5500',NULL,NULL,'1',NULL,NULL,NULL,NULL,NULL,NULL,NULL,NULL,NULL,NULL,NULL,'approve',NULL,NULL,NULL),(956,'201900282','31','6',NULL,NULL,NULL,'Brake Master repair Kit','pc',NULL,'800',NULL,NULL,'3',NULL,NULL,NULL,NULL,NULL,NULL,NULL,NULL,NULL,NULL,NULL,'approve',NULL,NULL,NULL),(957,'201900282','31','6',NULL,NULL,NULL,'Brake Pad','set',NULL,'850',NULL,NULL,'5',NULL,NULL,NULL,NULL,NULL,NULL,NULL,NULL,NULL,NULL,NULL,'approve',NULL,NULL,NULL),(958,'201900282','31','6',NULL,NULL,NULL,'Brake shoe','pc',NULL,'2800',NULL,NULL,'2',NULL,NULL,NULL,NULL,NULL,NULL,NULL,NULL,NULL,NULL,NULL,'approve',NULL,NULL,NULL),(959,'201900282','31','6',NULL,NULL,NULL,'Brass Welding rod','pc',NULL,'120',NULL,NULL,'4',NULL,NULL,NULL,NULL,NULL,NULL,NULL,NULL,NULL,NULL,NULL,'approve',NULL,NULL,NULL),(960,'201900282','31','6',NULL,NULL,NULL,'By Pass Hose','pc',NULL,'280',NULL,NULL,'2',NULL,NULL,NULL,NULL,NULL,NULL,NULL,NULL,NULL,NULL,NULL,'approve',NULL,NULL,NULL),(961,'201900282','31','6',NULL,NULL,NULL,'Camshaft bushing','pc',NULL,'875',NULL,NULL,'1',NULL,NULL,NULL,NULL,NULL,NULL,NULL,NULL,NULL,NULL,NULL,'approve',NULL,NULL,NULL),(963,'201900282','31','6',NULL,NULL,NULL,'Car Filter','pc',NULL,'4000',NULL,NULL,'1',NULL,NULL,NULL,NULL,NULL,NULL,NULL,NULL,NULL,NULL,NULL,'approve',NULL,NULL,NULL),(964,'201900282','31','6',NULL,NULL,NULL,'Carbon Brush','set','2','40',NULL,NULL,'1',NULL,NULL,NULL,NULL,'1',NULL,NULL,NULL,NULL,NULL,NULL,'approve',NULL,NULL,NULL),(965,'201900282','31','6',NULL,NULL,NULL,'Ceiling reciptacle','pc',NULL,'40',NULL,NULL,'4',NULL,NULL,NULL,NULL,NULL,NULL,NULL,NULL,NULL,NULL,NULL,'approve',NULL,NULL,NULL),(966,'201900282','31','6',NULL,NULL,NULL,'Center bearing','pc',NULL,'1020',NULL,NULL,'3',NULL,NULL,NULL,NULL,NULL,NULL,NULL,NULL,NULL,NULL,NULL,'approve',NULL,NULL,NULL),(967,'201900282','31','6',NULL,NULL,NULL,'Center Bearing Assembly','pc',NULL,'550',NULL,NULL,'1',NULL,NULL,NULL,NULL,NULL,NULL,NULL,NULL,NULL,NULL,NULL,'approve',NULL,NULL,NULL),(968,'201900282','31','6',NULL,NULL,NULL,'Chamois','pc',NULL,'400',NULL,NULL,'10',NULL,NULL,NULL,NULL,NULL,NULL,NULL,NULL,NULL,NULL,NULL,'approve',NULL,NULL,NULL),(969,'201900282','31','6',NULL,NULL,NULL,'CHAMOISE','PC',NULL,'420',NULL,NULL,'11',NULL,NULL,NULL,NULL,NULL,NULL,NULL,NULL,NULL,NULL,NULL,'approve',NULL,NULL,NULL),(970,'201900282','31','6',NULL,NULL,NULL,'Change and Vulcanize tire','job',NULL,'350',NULL,NULL,'20',NULL,NULL,NULL,NULL,NULL,NULL,NULL,NULL,NULL,NULL,NULL,'approve',NULL,NULL,NULL),(971,'201900282','31','6',NULL,NULL,NULL,'Change tire','job',NULL,'250',NULL,NULL,'15',NULL,NULL,NULL,NULL,NULL,NULL,NULL,NULL,NULL,NULL,NULL,'approve',NULL,NULL,NULL),(972,'201900282','31','6',NULL,NULL,NULL,'Clutch Assembly','pc',NULL,'400',NULL,NULL,'1',NULL,NULL,NULL,NULL,NULL,NULL,NULL,NULL,NULL,NULL,NULL,'approve',NULL,NULL,NULL),(973,'201900282','31','6',NULL,NULL,NULL,'Clutch cable','pc',NULL,'3600',NULL,NULL,'1',NULL,NULL,NULL,NULL,NULL,NULL,NULL,NULL,NULL,NULL,NULL,'approve',NULL,NULL,NULL),(974,'201900282','31','6',NULL,NULL,NULL,'Clutch Disc','pc',NULL,'1200',NULL,NULL,'3',NULL,NULL,NULL,NULL,NULL,NULL,NULL,NULL,NULL,NULL,NULL,'approve',NULL,NULL,NULL),(975,'201900282','31','6',NULL,NULL,NULL,'Clutch Fluid','pc',NULL,'265',NULL,NULL,'1',NULL,NULL,NULL,NULL,NULL,NULL,NULL,NULL,NULL,NULL,NULL,'approve',NULL,NULL,NULL),(976,'201900282','31','6',NULL,NULL,NULL,'Clutch master','pc',NULL,'3200',NULL,NULL,'1',NULL,NULL,NULL,NULL,NULL,NULL,NULL,NULL,NULL,NULL,NULL,'approve',NULL,NULL,NULL),(977,'201900282','31','6',NULL,NULL,NULL,'Clutch Pork','pc',NULL,'450',NULL,NULL,'1',NULL,NULL,NULL,NULL,NULL,NULL,NULL,NULL,NULL,NULL,NULL,'approve',NULL,NULL,NULL),(978,'201900282','31','6',NULL,NULL,NULL,'Clutch pressure','pc',NULL,'1900',NULL,NULL,'2',NULL,NULL,NULL,NULL,NULL,NULL,NULL,NULL,NULL,NULL,NULL,'approve',NULL,NULL,NULL),(979,'201900282','31','6',NULL,NULL,NULL,'Combination wrench','pc',NULL,'550',NULL,NULL,'11',NULL,NULL,NULL,NULL,NULL,NULL,NULL,NULL,NULL,NULL,NULL,'approve',NULL,NULL,NULL),(980,'201900282','31','6',NULL,NULL,NULL,'Condenser','pc',NULL,'280',NULL,NULL,'3',NULL,NULL,NULL,NULL,NULL,NULL,NULL,NULL,NULL,NULL,NULL,'approve',NULL,NULL,NULL),(981,'201900282','31','6',NULL,NULL,NULL,'Connecting rod','pc',NULL,'760',NULL,NULL,'2',NULL,NULL,NULL,NULL,NULL,NULL,NULL,NULL,NULL,NULL,NULL,'approve',NULL,NULL,NULL),(982,'201900282','31','6',NULL,NULL,NULL,'Copper washer 10MM','pc',NULL,'16',NULL,NULL,'8',NULL,NULL,NULL,NULL,NULL,NULL,NULL,NULL,NULL,NULL,NULL,'approve',NULL,NULL,NULL),(983,'201900282','31','6',NULL,NULL,NULL,'Disc Pad','pc',NULL,'1200',NULL,NULL,'4',NULL,NULL,NULL,NULL,NULL,NULL,NULL,NULL,NULL,NULL,NULL,'approve',NULL,NULL,NULL),(984,'201900282','31','6',NULL,NULL,NULL,'Distributor cap','pc',NULL,'500',NULL,NULL,'1',NULL,NULL,NULL,NULL,NULL,NULL,NULL,NULL,NULL,NULL,NULL,'approve',NULL,NULL,NULL),(985,'201900282','31','6',NULL,NULL,NULL,'Electrical cleaner','ml',NULL,'230',NULL,NULL,'2',NULL,NULL,NULL,NULL,NULL,NULL,NULL,NULL,NULL,NULL,NULL,'approve',NULL,NULL,NULL),(986,'201900282','31','6',NULL,NULL,NULL,'Electrical Tape 3m','pc',NULL,'50',NULL,NULL,'6',NULL,NULL,NULL,NULL,NULL,NULL,NULL,NULL,NULL,NULL,NULL,'approve',NULL,NULL,NULL),(987,'201900282','31','6',NULL,NULL,NULL,'Emission Testing','job',NULL,'100',NULL,NULL,'7',NULL,NULL,NULL,NULL,NULL,NULL,NULL,NULL,NULL,NULL,NULL,'approve',NULL,NULL,NULL),(988,'201900282','31','6',NULL,NULL,NULL,'Engine support','pc',NULL,'840',NULL,NULL,'2',NULL,NULL,NULL,NULL,NULL,NULL,NULL,NULL,NULL,NULL,NULL,'approve',NULL,NULL,NULL),(989,'201900282','31','6',NULL,NULL,NULL,'Evaporator cleaning R-A134 A vacuum, nitrogen, chemical, charging','job',NULL,'4600',NULL,NULL,'2',NULL,NULL,NULL,NULL,NULL,NULL,NULL,NULL,NULL,NULL,NULL,'approve',NULL,NULL,NULL),(990,'201900282','31','6',NULL,NULL,NULL,'Exhaus pipe gasket','pc',NULL,'65',NULL,NULL,'2',NULL,NULL,NULL,NULL,NULL,NULL,NULL,NULL,NULL,NULL,NULL,'approve',NULL,NULL,NULL),(991,'201900282','31','6',NULL,NULL,NULL,'Expansion bolt 318\'\'','pc',NULL,'13',NULL,NULL,'23',NULL,NULL,NULL,NULL,NULL,NULL,NULL,NULL,NULL,NULL,NULL,'approve',NULL,NULL,NULL),(992,'201900282','31','6',NULL,NULL,NULL,'Fan Belt','pc',NULL,'450',NULL,NULL,'6',NULL,NULL,NULL,NULL,NULL,NULL,NULL,NULL,NULL,NULL,NULL,'approve',NULL,NULL,NULL),(993,'201900282','31','6',NULL,NULL,NULL,'Fan Belt - A-33','pc',NULL,'190',NULL,NULL,'1',NULL,NULL,NULL,NULL,NULL,NULL,NULL,NULL,NULL,NULL,NULL,'approve',NULL,NULL,NULL),(994,'201900282','31','6',NULL,NULL,NULL,'Fan Belt - A-42','pc',NULL,'240',NULL,NULL,'1',NULL,NULL,NULL,NULL,NULL,NULL,NULL,NULL,NULL,NULL,NULL,'approve',NULL,NULL,NULL),(995,'201900282','31','6',NULL,NULL,NULL,'Fan Belt - A35','pc',NULL,'380',NULL,NULL,'1',NULL,NULL,NULL,NULL,NULL,NULL,NULL,NULL,NULL,NULL,NULL,'approve',NULL,NULL,NULL),(996,'201900282','31','6',NULL,NULL,NULL,'Fan Belt 9.5x1100','pc',NULL,'225',NULL,NULL,'2',NULL,NULL,NULL,NULL,NULL,NULL,NULL,NULL,NULL,NULL,NULL,'approve',NULL,NULL,NULL),(997,'201900282','31','6',NULL,NULL,NULL,'Fan Blade','pc',NULL,'850',NULL,NULL,'3',NULL,NULL,NULL,NULL,NULL,NULL,NULL,NULL,NULL,NULL,NULL,'approve',NULL,NULL,NULL),(999,'201900282','31','6',NULL,NULL,NULL,'Flexible Hose','pc',NULL,'220',NULL,NULL,'1',NULL,NULL,NULL,NULL,NULL,NULL,NULL,NULL,NULL,NULL,NULL,'approve',NULL,NULL,NULL),(1000,'201900282','31','6',NULL,NULL,NULL,'Freon','kg',NULL,'450',NULL,NULL,'10',NULL,NULL,NULL,NULL,NULL,NULL,NULL,NULL,NULL,NULL,NULL,'approve',NULL,NULL,NULL),(1001,'201900282','31','6',NULL,NULL,NULL,'Fuel pump','pc',NULL,'2000',NULL,NULL,'1',NULL,NULL,NULL,NULL,NULL,NULL,NULL,NULL,NULL,NULL,NULL,'approve',NULL,NULL,NULL),(1002,'201900282','31','6',NULL,NULL,NULL,'Fuel pump assembly','pc',NULL,'800',NULL,NULL,'3',NULL,NULL,NULL,NULL,NULL,NULL,NULL,NULL,NULL,NULL,NULL,'approve',NULL,NULL,NULL),(1003,'201900282','31','6',NULL,NULL,NULL,'Fuse Holder','pc',NULL,'50',NULL,NULL,'2',NULL,NULL,NULL,NULL,NULL,NULL,NULL,NULL,NULL,NULL,NULL,'approve',NULL,NULL,NULL),(1004,'201900282','31','6',NULL,NULL,NULL,'Gasket exhaust','pc',NULL,'60',NULL,NULL,'4',NULL,NULL,NULL,NULL,NULL,NULL,NULL,NULL,NULL,NULL,NULL,'approve',NULL,NULL,NULL),(1005,'201900282','31','6',NULL,NULL,NULL,'Gear oil','lit',NULL,'180',NULL,NULL,'1',NULL,NULL,NULL,NULL,NULL,NULL,NULL,NULL,NULL,NULL,NULL,'approve',NULL,NULL,NULL),(1006,'201900282','31','6',NULL,NULL,NULL,'General check up of air conditioning unit of vehicle','job',NULL,'8000',NULL,NULL,'11',NULL,NULL,NULL,NULL,NULL,NULL,NULL,NULL,NULL,NULL,NULL,'approve',NULL,NULL,NULL),(1007,'201900282','31','6',NULL,NULL,NULL,'General repair and overhaul of 1 unit DOH CVCHD vehicle (SGV-809)','job',NULL,'14200',NULL,NULL,'1',NULL,NULL,NULL,NULL,NULL,NULL,NULL,NULL,NULL,NULL,NULL,'approve',NULL,NULL,NULL),(1008,'201900282','31','6',NULL,NULL,NULL,'H2O pump switch','pc',NULL,'350',NULL,NULL,'1',NULL,NULL,NULL,NULL,NULL,NULL,NULL,NULL,NULL,NULL,NULL,'approve',NULL,NULL,NULL),(1009,'201900282','31','6',NULL,NULL,NULL,'Halogen bulb','pc',NULL,'100',NULL,NULL,'1',NULL,NULL,NULL,NULL,NULL,NULL,NULL,NULL,NULL,NULL,NULL,'approve',NULL,NULL,NULL),(1010,'201900282','31','6',NULL,NULL,NULL,'Head gasket','pc',NULL,'1080',NULL,NULL,'1',NULL,NULL,NULL,NULL,NULL,NULL,NULL,NULL,NULL,NULL,NULL,'approve',NULL,NULL,NULL),(1011,'201900282','31','6',NULL,NULL,NULL,'Head gasket fabricate','job',NULL,'6500',NULL,NULL,'1',NULL,NULL,NULL,NULL,NULL,NULL,NULL,NULL,NULL,NULL,NULL,'approve',NULL,NULL,NULL),(1012,'201900282','31','6',NULL,NULL,NULL,'Hi-gasket','pc',NULL,'1080',NULL,NULL,'1',NULL,NULL,NULL,NULL,NULL,NULL,NULL,NULL,NULL,NULL,NULL,'approve',NULL,NULL,NULL),(1013,'201900282','31','6',NULL,NULL,NULL,'Hi-Tension-er Wire','set',NULL,'420',NULL,NULL,'1',NULL,NULL,NULL,NULL,NULL,NULL,NULL,NULL,NULL,NULL,NULL,'approve',NULL,NULL,NULL),(1014,'201900282','31','6',NULL,NULL,NULL,'Horn','set',NULL,'850',NULL,NULL,'1',NULL,NULL,NULL,NULL,NULL,NULL,NULL,NULL,NULL,NULL,NULL,'approve',NULL,NULL,NULL),(1015,'201900282','31','6',NULL,NULL,NULL,'Hydraulic jack','pc',NULL,'850',NULL,NULL,'1',NULL,NULL,NULL,NULL,NULL,NULL,NULL,NULL,NULL,NULL,NULL,'approve',NULL,NULL,NULL),(1016,'201900282','31','6',NULL,NULL,NULL,'Hydrovac Assembly','pc',NULL,'7500',NULL,NULL,'1',NULL,NULL,NULL,NULL,NULL,NULL,NULL,NULL,NULL,NULL,NULL,'approve',NULL,NULL,NULL),(1017,'201900282','31','6',NULL,NULL,NULL,'Idler Pulley','pc',NULL,'185',NULL,NULL,'2',NULL,NULL,NULL,NULL,NULL,NULL,NULL,NULL,NULL,NULL,NULL,'approve',NULL,NULL,NULL),(1018,'201900282','31','6',NULL,NULL,NULL,'Inverted Coupling 10MM','pc',NULL,'180',NULL,NULL,'2',NULL,NULL,NULL,NULL,NULL,NULL,NULL,NULL,NULL,NULL,NULL,'approve',NULL,NULL,NULL),(1019,'201900282','31','6',NULL,NULL,NULL,'L-Wrench','pc',NULL,'180',NULL,NULL,'1',NULL,NULL,NULL,NULL,NULL,NULL,NULL,NULL,NULL,NULL,NULL,'approve',NULL,NULL,NULL),(1020,'201900282','31','6',NULL,NULL,NULL,'Labor','job',NULL,'380',NULL,NULL,'1',NULL,NULL,NULL,NULL,NULL,NULL,NULL,NULL,NULL,NULL,NULL,'approve',NULL,NULL,NULL),(1021,'201900282','31','6',NULL,NULL,NULL,'Log Belt','pc',NULL,'255',NULL,NULL,'1',NULL,NULL,NULL,NULL,NULL,NULL,NULL,NULL,NULL,NULL,NULL,'approve',NULL,NULL,NULL),(1022,'201900282','31','6',NULL,NULL,NULL,'Log belt A-34','pc',NULL,'230',NULL,NULL,'3',NULL,NULL,NULL,NULL,NULL,NULL,NULL,NULL,NULL,NULL,NULL,'approve',NULL,NULL,NULL),(1023,'201900282','31','6',NULL,NULL,NULL,'Log belt A33','pc',NULL,'220',NULL,NULL,'1',NULL,NULL,NULL,NULL,NULL,NULL,NULL,NULL,NULL,NULL,NULL,'approve',NULL,NULL,NULL),(1024,'201900282','31','6',NULL,NULL,NULL,'Log belt A39','pc',NULL,'220',NULL,NULL,'1',NULL,NULL,NULL,NULL,NULL,NULL,NULL,NULL,NULL,NULL,NULL,'approve',NULL,NULL,NULL),(1025,'201900282','31','6',NULL,NULL,NULL,'Lower ball joint','pc',NULL,'2900',NULL,NULL,'4',NULL,NULL,NULL,NULL,NULL,NULL,NULL,NULL,NULL,NULL,NULL,'approve',NULL,NULL,NULL),(1026,'201900282','31','6',NULL,NULL,NULL,'Mighty gasket','pc',NULL,'110',NULL,NULL,'1',NULL,NULL,NULL,NULL,NULL,NULL,NULL,NULL,NULL,NULL,NULL,'approve',NULL,NULL,NULL),(1027,'201900282','31','6',NULL,NULL,NULL,'Notary fee (dead of donations of DOH CV CHD vehicles)','php',NULL,'300',NULL,NULL,'1',NULL,NULL,NULL,NULL,NULL,NULL,NULL,NULL,NULL,NULL,NULL,'approve',NULL,NULL,NULL),(1028,'201900282','31','6',NULL,NULL,NULL,'Nozzle Bearing','pc',NULL,'60',NULL,NULL,'2',NULL,NULL,NULL,NULL,NULL,NULL,NULL,NULL,NULL,NULL,NULL,'approve',NULL,NULL,NULL),(1029,'201900282','31','6',NULL,NULL,NULL,'Nozzle washer','pc',NULL,'280',NULL,NULL,'5',NULL,NULL,NULL,NULL,NULL,NULL,NULL,NULL,NULL,NULL,NULL,'approve',NULL,NULL,NULL),(1030,'201900282','31','6',NULL,NULL,NULL,'Oil Cooler','pc',NULL,'3300',NULL,NULL,'1',NULL,NULL,NULL,NULL,NULL,NULL,NULL,NULL,NULL,NULL,NULL,'approve',NULL,NULL,NULL),(1031,'201900282','31','6',NULL,NULL,NULL,'Oil Filter','pc',NULL,'1380',NULL,NULL,'1',NULL,NULL,NULL,NULL,NULL,NULL,NULL,NULL,NULL,NULL,NULL,'approve',NULL,NULL,NULL),(1032,'201900282','31','6',NULL,NULL,NULL,'Oil Seal','pc',NULL,'180',NULL,NULL,'8',NULL,NULL,NULL,NULL,NULL,NULL,NULL,NULL,NULL,NULL,NULL,'approve',NULL,NULL,NULL),(1033,'201900282','31','6',NULL,NULL,NULL,'Overhauling gasket','pc',NULL,'2430',NULL,NULL,'1',NULL,NULL,NULL,NULL,NULL,NULL,NULL,NULL,NULL,NULL,NULL,'approve',NULL,NULL,NULL),(1034,'201900282','31','6',NULL,NULL,NULL,'Oxygen #110473','tank',NULL,'600',NULL,NULL,'1',NULL,NULL,NULL,NULL,NULL,NULL,NULL,NULL,NULL,NULL,NULL,'approve',NULL,NULL,NULL),(1035,'201900282','31','6',NULL,NULL,NULL,'Parking Fee','php',NULL,'40',NULL,NULL,'15',NULL,NULL,NULL,NULL,NULL,NULL,NULL,NULL,NULL,NULL,NULL,'approve',NULL,NULL,NULL),(1036,'201900282','31','6',NULL,NULL,NULL,'Penetrating Oil','gal',NULL,'150',NULL,NULL,'1',NULL,NULL,NULL,NULL,NULL,NULL,NULL,NULL,NULL,NULL,NULL,'approve',NULL,NULL,NULL),(1037,'201900282','31','6',NULL,NULL,NULL,'Pin Bushing','pc',NULL,'720',NULL,NULL,'2',NULL,NULL,NULL,NULL,NULL,NULL,NULL,NULL,NULL,NULL,NULL,'approve',NULL,NULL,NULL),(1038,'201900282','31','6',NULL,NULL,NULL,'Piston Pin','pc',NULL,'125',NULL,NULL,'6',NULL,NULL,NULL,NULL,NULL,NULL,NULL,NULL,NULL,NULL,NULL,'approve',NULL,NULL,NULL),(1039,'201900282','31','6',NULL,NULL,NULL,'PLIERS','PC',NULL,'350',NULL,NULL,'11',NULL,NULL,NULL,NULL,NULL,NULL,NULL,NULL,NULL,NULL,NULL,'approve',NULL,NULL,NULL),(1040,'201900282','31','6',NULL,NULL,NULL,'Plug in Fuse','pc',NULL,'5',NULL,NULL,'6',NULL,NULL,NULL,NULL,NULL,NULL,NULL,NULL,NULL,NULL,NULL,'approve',NULL,NULL,NULL),(1041,'201900282','31','6',NULL,NULL,NULL,'Power relay','pc',NULL,'500',NULL,NULL,'3',NULL,NULL,NULL,NULL,NULL,NULL,NULL,NULL,NULL,NULL,NULL,'approve',NULL,NULL,NULL),(1042,'201900282','31','6',NULL,NULL,NULL,'Propeller yoke','pc',NULL,'1300',NULL,NULL,'4',NULL,NULL,NULL,NULL,NULL,NULL,NULL,NULL,NULL,NULL,NULL,'approve',NULL,NULL,NULL),(1043,'201900282','31','6',NULL,NULL,NULL,'Push Button','pc',NULL,'40',NULL,NULL,'6',NULL,NULL,NULL,NULL,NULL,NULL,NULL,NULL,NULL,NULL,NULL,'approve',NULL,NULL,NULL),(1044,'201900282','31','6',NULL,NULL,NULL,'Quick Coppler','pc',NULL,'300',NULL,NULL,'1',NULL,NULL,NULL,NULL,NULL,NULL,NULL,NULL,NULL,NULL,NULL,'approve',NULL,NULL,NULL),(1045,'201900282','31','6',NULL,NULL,NULL,'R. Brake','pc',NULL,'550',NULL,NULL,'2',NULL,NULL,NULL,NULL,NULL,NULL,NULL,NULL,NULL,NULL,NULL,'approve',NULL,NULL,NULL),(1046,'201900282','31','6',NULL,NULL,NULL,'Radiator 3T','pc',NULL,'8400',NULL,NULL,'1',NULL,NULL,NULL,NULL,NULL,NULL,NULL,NULL,NULL,NULL,NULL,'approve',NULL,NULL,NULL),(1047,'201900282','31','6',NULL,NULL,NULL,'Radiator cap','pc',NULL,'180',NULL,NULL,'2',NULL,NULL,NULL,NULL,NULL,NULL,NULL,NULL,NULL,NULL,NULL,'approve',NULL,NULL,NULL),(1048,'201900282','31','6',NULL,NULL,NULL,'Radiator Coolant','ltrs',NULL,'350',NULL,NULL,'10',NULL,NULL,NULL,NULL,NULL,NULL,NULL,NULL,NULL,NULL,NULL,'approve',NULL,NULL,NULL),(1049,'201900282','31','6',NULL,NULL,NULL,'Relay Socket','pc',NULL,'150',NULL,NULL,'2',NULL,NULL,NULL,NULL,NULL,NULL,NULL,NULL,NULL,NULL,NULL,'approve',NULL,NULL,NULL),(1050,'201900282','31','6',NULL,NULL,NULL,'Release Bearing','pc',NULL,'550',NULL,NULL,'1',NULL,NULL,NULL,NULL,NULL,NULL,NULL,NULL,NULL,NULL,NULL,'approve',NULL,NULL,NULL),(1051,'201900282','31','6',NULL,NULL,NULL,'Repair Kit','pc',NULL,'320',NULL,NULL,'3',NULL,NULL,NULL,NULL,NULL,NULL,NULL,NULL,NULL,NULL,NULL,'approve',NULL,NULL,NULL),(1052,'201900282','31','6',NULL,NULL,NULL,'RIM Cleaning','job',NULL,'150',NULL,NULL,'20',NULL,NULL,NULL,NULL,NULL,NULL,NULL,NULL,NULL,NULL,NULL,'approve',NULL,NULL,NULL),(1053,'201900282','31','6',NULL,NULL,NULL,'Rubber Cap','pc',NULL,'35',NULL,NULL,'6',NULL,NULL,NULL,NULL,NULL,NULL,NULL,NULL,NULL,NULL,NULL,'approve',NULL,NULL,NULL),(1054,'201900282','31','6',NULL,NULL,NULL,'Rubber dumper','pc',NULL,'450',NULL,NULL,'4',NULL,NULL,NULL,NULL,NULL,NULL,NULL,NULL,NULL,NULL,NULL,'approve',NULL,NULL,NULL),(1055,'201900282','31','6',NULL,NULL,NULL,'SCREW DRIVER (-)','PC',NULL,'420',NULL,NULL,'11',NULL,NULL,NULL,NULL,NULL,NULL,NULL,NULL,NULL,NULL,NULL,'approve',NULL,NULL,NULL),(1056,'201900282','31','6',NULL,NULL,NULL,'SCREW DRIVER (+)','PC',NULL,'450',NULL,NULL,'11',NULL,NULL,NULL,NULL,NULL,NULL,NULL,NULL,NULL,NULL,NULL,'approve',NULL,NULL,NULL),(1057,'201900282','31','6',NULL,NULL,NULL,'Seat Cover','meters',NULL,'38',NULL,NULL,'2',NULL,NULL,NULL,NULL,NULL,NULL,NULL,NULL,NULL,NULL,NULL,'approve',NULL,NULL,NULL),(1058,'201900282','31','6',NULL,NULL,NULL,'Secondary Clutch Assembly','pc',NULL,'500',NULL,NULL,'1',NULL,NULL,NULL,NULL,NULL,NULL,NULL,NULL,NULL,NULL,NULL,'approve',NULL,NULL,NULL),(1059,'201900282','31','6',NULL,NULL,NULL,'Setting of piston pin and bushing of connecting rod rod','job',NULL,'1200',NULL,NULL,'2',NULL,NULL,NULL,NULL,NULL,NULL,NULL,NULL,NULL,NULL,NULL,'approve',NULL,NULL,NULL),(1060,'201900282','31','6',NULL,NULL,NULL,'Shock absorber','pc',NULL,'1900',NULL,NULL,'3',NULL,NULL,NULL,NULL,NULL,NULL,NULL,NULL,NULL,NULL,NULL,'approve',NULL,NULL,NULL),(1061,'201900282','31','6',NULL,NULL,NULL,'Soldering','pc',NULL,'260',NULL,NULL,'2',NULL,NULL,NULL,NULL,NULL,NULL,NULL,NULL,NULL,NULL,NULL,'approve',NULL,NULL,NULL),(1062,'201900282','31','6',NULL,NULL,NULL,'Soldering, Overhauling of radiator','job',NULL,'950',NULL,NULL,'1',NULL,NULL,NULL,NULL,NULL,NULL,NULL,NULL,NULL,NULL,NULL,'approve',NULL,NULL,NULL),(1063,'201900282','31','6',NULL,NULL,NULL,'Spark plug coire','pc',NULL,'2000',NULL,NULL,'1',NULL,NULL,NULL,NULL,NULL,NULL,NULL,NULL,NULL,NULL,NULL,'approve',NULL,NULL,NULL),(1064,'201900282','31','6',NULL,NULL,NULL,'Spark plug NGK','pc',NULL,'200',NULL,NULL,'4',NULL,NULL,NULL,NULL,NULL,NULL,NULL,NULL,NULL,NULL,NULL,'approve',NULL,NULL,NULL),(1065,'201900282','31','6',NULL,NULL,NULL,'Speedometer','pc',NULL,'1000',NULL,NULL,'1',NULL,NULL,NULL,NULL,NULL,NULL,NULL,NULL,NULL,NULL,NULL,'approve',NULL,NULL,NULL),(1066,'201900282','31','6',NULL,NULL,NULL,'Steel Plate','kg',NULL,'30',NULL,NULL,'15',NULL,NULL,NULL,NULL,NULL,NULL,NULL,NULL,NULL,NULL,NULL,'approve',NULL,NULL,NULL),(1067,'201900282','31','6',NULL,NULL,NULL,'Steering pump and yrakit','pc',NULL,'4500',NULL,NULL,'1',NULL,NULL,NULL,NULL,NULL,NULL,NULL,NULL,NULL,NULL,NULL,'approve',NULL,NULL,NULL),(1068,'201900282','31','6',NULL,NULL,NULL,'Steering rubber support','pc',NULL,'500',NULL,NULL,'1',NULL,NULL,NULL,NULL,NULL,NULL,NULL,NULL,NULL,NULL,NULL,'approve',NULL,NULL,NULL),(1069,'201900282','31','6',NULL,NULL,NULL,'Stud Bolt','pc',NULL,'75',NULL,NULL,'2',NULL,NULL,NULL,NULL,NULL,NULL,NULL,NULL,NULL,NULL,NULL,'approve',NULL,NULL,NULL),(1070,'201900282','31','6',NULL,NULL,NULL,'Tensioner','pc',NULL,'900',NULL,NULL,'1',NULL,NULL,NULL,NULL,NULL,NULL,NULL,NULL,NULL,NULL,NULL,'approve',NULL,NULL,NULL),(1071,'201900282','31','6',NULL,NULL,NULL,'Tie rod','pc',NULL,'130',NULL,NULL,'2',NULL,NULL,NULL,NULL,NULL,NULL,NULL,NULL,NULL,NULL,NULL,'approve',NULL,NULL,NULL),(1072,'201900282','31','6',NULL,NULL,NULL,'Tie rod end','pc',NULL,'700',NULL,NULL,'4',NULL,NULL,NULL,NULL,NULL,NULL,NULL,NULL,NULL,NULL,NULL,'approve',NULL,NULL,NULL),(1073,'201900282','31','6',NULL,NULL,NULL,'Timing belt - 997-1724','pc',NULL,'1700',NULL,NULL,'3',NULL,NULL,NULL,NULL,NULL,NULL,NULL,NULL,NULL,NULL,NULL,'approve',NULL,NULL,NULL),(1074,'201900282','31','6',NULL,NULL,NULL,'Timing belt 126TR','pc',NULL,'1550',NULL,NULL,'3',NULL,NULL,NULL,NULL,NULL,NULL,NULL,NULL,NULL,NULL,NULL,'approve',NULL,NULL,NULL),(1075,'201900282','31','6',NULL,NULL,NULL,'Tint (for vehicle','jpb',NULL,'11',NULL,NULL,'5500',NULL,NULL,NULL,NULL,NULL,NULL,NULL,NULL,NULL,NULL,NULL,'approve',NULL,NULL,NULL),(1076,'201900282','31','6',NULL,NULL,NULL,'Tire 185 R 14c','pc',NULL,'2200',NULL,NULL,'1',NULL,NULL,NULL,NULL,NULL,NULL,NULL,NULL,NULL,NULL,NULL,'approve',NULL,NULL,NULL),(1077,'201900282','31','6',NULL,NULL,NULL,'Tire 185/70 R14','pc',NULL,'2300',NULL,NULL,'2',NULL,NULL,NULL,NULL,NULL,NULL,NULL,NULL,NULL,NULL,NULL,'approve',NULL,NULL,NULL),(1078,'201900282','31','6',NULL,NULL,NULL,'Tires with different RIMS','pc',NULL,'8000',NULL,NULL,'56',NULL,NULL,NULL,NULL,NULL,NULL,NULL,NULL,NULL,NULL,NULL,'approve',NULL,NULL,NULL),(1079,'201900282','31','6',NULL,NULL,NULL,'Top mnt, Dual Botton 38 M','pc',NULL,'176',NULL,NULL,'1',NULL,NULL,NULL,NULL,NULL,NULL,NULL,NULL,NULL,NULL,NULL,'approve',NULL,NULL,NULL),(1080,'201900282','31','6',NULL,NULL,NULL,'Transmission support','pc',NULL,'485',NULL,NULL,'2',NULL,NULL,NULL,NULL,NULL,NULL,NULL,NULL,NULL,NULL,NULL,'approve',NULL,NULL,NULL),(1081,'201900282','31','6',NULL,NULL,NULL,'Udler Fully','pc',NULL,'185',NULL,NULL,'1',NULL,NULL,NULL,NULL,NULL,NULL,NULL,NULL,NULL,NULL,NULL,'approve',NULL,NULL,NULL),(1082,'201900282','31','6',NULL,NULL,NULL,'Vacuum hose','ft',NULL,'110',NULL,NULL,'10',NULL,NULL,NULL,NULL,NULL,NULL,NULL,NULL,NULL,NULL,NULL,'approve',NULL,NULL,NULL),(1083,'201900282','31','6',NULL,NULL,NULL,'VS1','pc',NULL,'230',NULL,NULL,'5',NULL,NULL,NULL,NULL,NULL,NULL,NULL,NULL,NULL,NULL,NULL,'approve',NULL,NULL,NULL),(1084,'201900282','31','6',NULL,NULL,NULL,'Vulcanize tire','job',NULL,'200',NULL,NULL,'20',NULL,NULL,NULL,NULL,NULL,NULL,NULL,NULL,NULL,NULL,NULL,'approve',NULL,NULL,NULL),(1085,'201900282','31','6',NULL,NULL,NULL,'Vulcate tire','job',NULL,'200',NULL,NULL,'20',NULL,NULL,NULL,NULL,NULL,NULL,NULL,NULL,NULL,NULL,NULL,'approve',NULL,NULL,NULL),(1086,'201900282','31','6',NULL,NULL,NULL,'Vulcate tire R13','job',NULL,'250',NULL,NULL,'20',NULL,NULL,NULL,NULL,NULL,NULL,NULL,NULL,NULL,NULL,NULL,'approve',NULL,NULL,NULL),(1087,'201900282','31','6',NULL,NULL,NULL,'Waste Cotton','pc',NULL,'2',NULL,NULL,'1000',NULL,NULL,NULL,NULL,NULL,NULL,NULL,NULL,NULL,NULL,NULL,'approve',NULL,NULL,NULL),(1088,'201900282','31','6',NULL,NULL,NULL,'Water pump','pc',NULL,'3200',NULL,NULL,'1',NULL,NULL,NULL,NULL,NULL,NULL,NULL,NULL,NULL,NULL,NULL,'approve',NULL,NULL,NULL),(1089,'201900282','31','6',NULL,NULL,NULL,'WD40','pc',NULL,'180',NULL,NULL,'3',NULL,NULL,NULL,NULL,NULL,NULL,NULL,NULL,NULL,NULL,NULL,'approve',NULL,NULL,NULL),(1090,'201900282','31','6',NULL,NULL,NULL,'Welding rod','kg',NULL,'160',NULL,NULL,'2',NULL,NULL,NULL,NULL,NULL,NULL,NULL,NULL,NULL,NULL,NULL,'approve',NULL,NULL,NULL),(1091,'201900282','31','6',NULL,NULL,NULL,'Window riser','pc',NULL,'100',NULL,NULL,'5',NULL,NULL,NULL,NULL,NULL,NULL,NULL,NULL,NULL,NULL,NULL,'approve',NULL,NULL,NULL),(1092,'201900282','31','6',NULL,NULL,NULL,'Window riser (highly)','job',NULL,'95',NULL,NULL,'1',NULL,NULL,NULL,NULL,NULL,NULL,NULL,NULL,NULL,NULL,NULL,'approve',NULL,NULL,NULL),(1093,'201900282','31','6',NULL,NULL,NULL,'Windshield washer motor','pc',NULL,'350',NULL,NULL,'3',NULL,NULL,NULL,NULL,NULL,NULL,NULL,NULL,NULL,NULL,NULL,'approve',NULL,NULL,NULL),(1094,'201900282','31','6',NULL,NULL,NULL,'Wiper blade','pc',NULL,'380',NULL,NULL,'5',NULL,NULL,NULL,NULL,NULL,NULL,NULL,NULL,NULL,NULL,NULL,'approve',NULL,NULL,NULL),(1095,'0135 ','40','6',NULL,NULL,NULL,'Signages, Warehousing Materials, Supplies and Collaterals','job',NULL,'0',NULL,NULL,'85000',NULL,NULL,NULL,NULL,NULL,NULL,NULL,NULL,NULL,NULL,NULL,'approve',NULL,NULL,NULL),(1097,'197900046','40','6',NULL,NULL,NULL,'Tarpaulin, 24\" x 36\" printing with lamination','pc',NULL,'770',NULL,NULL,'3',NULL,NULL,NULL,NULL,NULL,NULL,NULL,NULL,NULL,NULL,NULL,'approve',NULL,NULL,NULL),(1098,'199200016','40','6',NULL,NULL,NULL,'Tarpaulin for the newly hired personnel, 2x3ft','pc',NULL,'120',NULL,NULL,'1',NULL,NULL,NULL,NULL,NULL,NULL,NULL,NULL,NULL,NULL,NULL,'approve',NULL,NULL,NULL),(1099,'200400037','41','6',NULL,NULL,NULL,'Basic Records Management Training','pax',NULL,'2300',NULL,NULL,'32',NULL,NULL,NULL,NULL,NULL,NULL,NULL,NULL,NULL,NULL,NULL,'approve',NULL,NULL,NULL),(1100,'197900046','41','6',NULL,NULL,NULL,'Management Support Division\'s Program Implementation Review - Food,Venue and Accomodation','job',NULL,'345',NULL,NULL,'1',NULL,NULL,NULL,NULL,NULL,NULL,NULL,NULL,NULL,NULL,NULL,'approve',NULL,NULL,NULL),(1101,'197900046','41','6',NULL,NULL,NULL,'Meals and Snacks For Coordinative Meeting of MSD Chief Office','job',NULL,'10000',NULL,NULL,'1',NULL,NULL,NULL,NULL,NULL,NULL,NULL,NULL,NULL,NULL,NULL,'approve',NULL,NULL,NULL),(1102,'197900046','41','6',NULL,NULL,NULL,'Order Catering Services(Dinner, 2pm Snacks Breakfast, Lunch, AM Snacks)','job',NULL,'1050',NULL,NULL,'15',NULL,NULL,NULL,NULL,NULL,NULL,NULL,NULL,NULL,NULL,NULL,'approve',NULL,NULL,NULL),(1103,'197900046','41','6',NULL,NULL,NULL,'Order for Catering, Venue and Accomodation','job',NULL,'17800',NULL,NULL,'1',NULL,NULL,NULL,NULL,NULL,NULL,NULL,NULL,NULL,NULL,NULL,'approve',NULL,NULL,NULL),(1104,'201700263','41','6',NULL,NULL,NULL,'Program Implementation Review','lot',NULL,'80000',NULL,NULL,'1',NULL,NULL,NULL,NULL,NULL,NULL,NULL,NULL,NULL,NULL,NULL,'approve',NULL,NULL,NULL),(1105,'201400184','41','6',NULL,NULL,NULL,'Food, Venue & Accommodation','Pax',NULL,'1600',NULL,NULL,'156',NULL,NULL,NULL,NULL,NULL,NULL,NULL,NULL,NULL,NULL,NULL,'approve',NULL,NULL,NULL),(1106,'201400184','41','6',NULL,NULL,NULL,'Food, Venue and Accommodation','Pax',NULL,'1600',NULL,NULL,'219',NULL,NULL,NULL,NULL,NULL,NULL,NULL,NULL,NULL,NULL,NULL,'approve',NULL,NULL,NULL),(1107,'201400184','41','6',NULL,NULL,NULL,'Food & Venue','Pax',NULL,'750',NULL,NULL,'36',NULL,NULL,NULL,NULL,NULL,NULL,NULL,NULL,NULL,NULL,NULL,'approve',NULL,NULL,NULL),(1108,'201700272','41','6',NULL,NULL,NULL,'Venue, Accommodation and Food - Day 1','pax',NULL,'1600',NULL,NULL,'25',NULL,NULL,NULL,NULL,NULL,NULL,NULL,NULL,NULL,NULL,NULL,'approve',NULL,NULL,NULL),(1109,'201700272','41','6',NULL,NULL,NULL,'Venue, Accommodation and Food - Day 2','pax',NULL,'1600',NULL,NULL,'25',NULL,NULL,NULL,NULL,NULL,NULL,NULL,NULL,NULL,NULL,NULL,'approve',NULL,NULL,NULL),(1110,'201700272','41','6',NULL,NULL,NULL,'Venue, Accommodation and Food - Day 3','pax',NULL,'1600',NULL,NULL,'25',NULL,NULL,NULL,NULL,NULL,NULL,NULL,NULL,NULL,NULL,NULL,'approve',NULL,NULL,NULL),(1111,'199200016','41','6',NULL,NULL,NULL,'Philippine Civil Service Anniversary Fun Run Registration, Coastal Clean-up, and Meals',NULL,NULL,'1350',NULL,NULL,'30',NULL,NULL,NULL,NULL,NULL,NULL,NULL,NULL,NULL,NULL,NULL,'approve',NULL,NULL,NULL),(1112,'201400182','41','6',NULL,NULL,NULL,'Budget Review and Financial Statement Reconciliation','pax',NULL,'2400',NULL,NULL,'50',NULL,NULL,NULL,NULL,NULL,NULL,NULL,NULL,NULL,NULL,NULL,'approve',NULL,NULL,NULL),(1113,'201900282','48','6',NULL,NULL,NULL,'Flag Cotton,4x6','pc',NULL,'350',NULL,NULL,'1',NULL,NULL,NULL,NULL,NULL,NULL,NULL,NULL,NULL,NULL,NULL,'approve',NULL,NULL,NULL),(1114,'201900282','48','6',NULL,NULL,NULL,'Flag Nylon, 2X3','pc',NULL,'105',NULL,NULL,'16',NULL,NULL,NULL,NULL,NULL,NULL,NULL,NULL,NULL,NULL,NULL,'approve',NULL,NULL,NULL),(1115,'201900282','48','6',NULL,NULL,NULL,'Flag Nylon, 3X5','pc',NULL,'135',NULL,NULL,'2',NULL,NULL,NULL,NULL,NULL,NULL,NULL,NULL,NULL,NULL,NULL,'approve',NULL,NULL,NULL),(1116,'201900282','48','6',NULL,NULL,NULL,'Flaglets','pc',NULL,'8',NULL,NULL,'22',NULL,NULL,NULL,NULL,NULL,NULL,NULL,NULL,NULL,NULL,NULL,'approve',NULL,NULL,NULL),(1117,'201900282','48','6',NULL,NULL,NULL,'Flaglets with Stick','pc',NULL,'15',NULL,NULL,'100',NULL,NULL,NULL,NULL,NULL,NULL,NULL,NULL,NULL,NULL,NULL,'approve',NULL,NULL,NULL),(1118,'201900282','48','6',NULL,NULL,NULL,'Glue, white','pc',NULL,'50',NULL,NULL,'2',NULL,NULL,NULL,NULL,NULL,NULL,NULL,NULL,NULL,NULL,NULL,'approve',NULL,NULL,NULL),(1119,'201900282','48','6',NULL,NULL,NULL,'Plastic Cover','roll',NULL,'1600',NULL,NULL,'1',NULL,NULL,NULL,NULL,NULL,NULL,NULL,NULL,NULL,NULL,NULL,'approve',NULL,NULL,NULL),(1120,'201900282','48','6',NULL,NULL,NULL,'Tacker Wire','pc',NULL,'100',NULL,NULL,'1',NULL,NULL,NULL,NULL,NULL,NULL,NULL,NULL,NULL,NULL,NULL,'approve',NULL,NULL,NULL),(1121,'0135 ','14','6',NULL,NULL,NULL,'Desktop Thermal Printer','unit',NULL,'10000',NULL,NULL,'1',NULL,NULL,NULL,NULL,NULL,NULL,NULL,NULL,NULL,NULL,NULL,'approve',NULL,NULL,NULL),(1122,'0135 ','14','6',NULL,NULL,NULL,'Remote Surveillance System','job',NULL,'100000',NULL,NULL,'1',NULL,NULL,NULL,NULL,NULL,NULL,NULL,NULL,NULL,NULL,NULL,'approve',NULL,NULL,NULL),(1123,'201900282','14','6',NULL,NULL,NULL,'GM DDR3 PC-3 - 12800','PC',NULL,'1500',NULL,NULL,'2',NULL,NULL,NULL,NULL,NULL,NULL,NULL,NULL,NULL,NULL,NULL,'approve',NULL,NULL,NULL),(1124,'197900046','14','6',NULL,NULL,NULL,'Fluorescent Tube,14 W, 220V','unit',NULL,'200',NULL,NULL,'6',NULL,NULL,NULL,NULL,NULL,NULL,NULL,NULL,NULL,NULL,NULL,'approve',NULL,NULL,NULL),(1127,'200400037','6','6',NULL,NULL,NULL,'Lan Cable Tester, 9V battery','unit','1','500','500','2','1',NULL,NULL,NULL,NULL,NULL,NULL,NULL,NULL,NULL,NULL,NULL,'pending',NULL,NULL,'2019-06-24 21:41:51'),(1128,'200400037','6','6',NULL,NULL,NULL,'RJ 45, standard','box','8','250','2000','1','8',NULL,NULL,NULL,NULL,NULL,NULL,NULL,NULL,NULL,NULL,NULL,'pending',NULL,NULL,'2019-06-24 21:41:51'),(1129,'200400037','6','6',NULL,NULL,NULL,'Tripod, universal, 3 way head','unit','2','2500','5000','1','2',NULL,NULL,NULL,NULL,NULL,NULL,NULL,NULL,NULL,NULL,NULL,'pending',NULL,NULL,'2019-06-24 21:41:51'),(1130,'200400037','6','6',NULL,NULL,NULL,'UTP, Cable','box','2','4000','8000','1','2',NULL,NULL,NULL,NULL,NULL,NULL,NULL,NULL,NULL,NULL,NULL,'pending',NULL,NULL,'2019-06-24 21:41:51'),(1131,'201400182','6','6',NULL,NULL,NULL,'CPU Upgrading','unit','5','15000','75000','1','5',NULL,NULL,NULL,NULL,NULL,NULL,NULL,NULL,NULL,NULL,NULL,'pending',NULL,NULL,'2019-06-24 21:41:51'),(1133,'201700263','6','6',NULL,NULL,NULL,'Telephone box','piece','2','70','140','1','2',NULL,NULL,NULL,NULL,NULL,NULL,NULL,NULL,NULL,NULL,NULL,'pending',NULL,NULL,'2019-06-24 21:41:51'),(1134,'201900282','7','6',NULL,NULL,NULL,'Prepaid Load (Cignal Connection)','pcs','12','0','0','2','12',NULL,NULL,NULL,NULL,NULL,NULL,NULL,NULL,NULL,NULL,NULL,'approve',NULL,NULL,'2019-06-27 18:35:20'),(1135,'197900046','7','6',NULL,NULL,NULL,'TOP CASE WITH KEYBOARD FOR LAPTOP','unit','1','13771','13771','2','1',NULL,NULL,NULL,NULL,NULL,NULL,NULL,NULL,NULL,NULL,NULL,'approve',NULL,NULL,'2019-06-27 18:35:20'),(1136,'201700264','115','4',NULL,'115-A',NULL,'DOH RO VII Year-Start Program Implementation Review',NULL,NULL,NULL,NULL,NULL,NULL,NULL,NULL,NULL,NULL,NULL,NULL,NULL,NULL,NULL,NULL,NULL,'approve',NULL,NULL,NULL),(1137,'0454','1','4',NULL,'1-A-1',NULL,'USB 16 GB',NULL,'0',NULL,'0',NULL,NULL,NULL,NULL,NULL,NULL,NULL,NULL,NULL,NULL,NULL,NULL,NULL,'inactivate',NULL,'2019-06-16 17:07:11','2019-06-16 17:07:11'),(1138,'0454','1','4',NULL,'1-A-1',NULL,'USB 16 GB',NULL,'0',NULL,'0',NULL,NULL,NULL,NULL,NULL,NULL,NULL,NULL,NULL,NULL,NULL,NULL,NULL,'inactivate',NULL,'2019-06-16 17:07:56','2019-06-16 17:07:56'),(1140,'0454','1','6',NULL,'1-C',NULL,'Sticker on Sentra board Signage','pc','2','225','450','2',NULL,NULL,NULL,NULL,NULL,'2',NULL,NULL,NULL,NULL,NULL,NULL,'pending',NULL,'2019-06-16 19:50:10','2019-06-27 19:56:19'),(1141,'201900282','26','6',NULL,NULL,NULL,'Bolt & Knot 1/2 x 1 1/2','pcs',NULL,'10.50',NULL,NULL,NULL,NULL,NULL,NULL,NULL,'50',NULL,NULL,NULL,NULL,NULL,NULL,'approve',NULL,NULL,NULL),(1144,'0618','1','6',NULL,'1-C',NULL,'Note Post-It 1x3, pink','pack','10','60','600','2',NULL,NULL,NULL,NULL,NULL,'10',NULL,NULL,NULL,NULL,NULL,NULL,'pending',NULL,'2019-06-17 00:08:06','2019-06-27 19:56:19'),(1146,'0618','1','6',NULL,'1-C',NULL,'Pen - Whiteboard Marker, black','pc','5','50','250','1',NULL,NULL,NULL,NULL,NULL,'5',NULL,NULL,NULL,NULL,NULL,NULL,'pending',NULL,'2019-06-17 00:14:06','2019-06-27 19:56:19'),(1147,'0618','1','6',NULL,'1-C',NULL,'Pen - Whiteboard Marker, blue','pc','5','50','250','1',NULL,NULL,NULL,NULL,NULL,'5',NULL,NULL,NULL,NULL,NULL,NULL,'pending',NULL,'2019-06-17 00:17:01','2019-06-27 19:56:19'),(1148,'0618','1','6',NULL,'1-C',NULL,'Pen - Whiteboard Marker, red','pc','5','50','250','1',NULL,NULL,NULL,NULL,NULL,'5',NULL,NULL,NULL,NULL,NULL,NULL,'pending',NULL,'2019-06-17 00:18:19','2019-06-27 19:56:19'),(1149,'0618','1','6',NULL,'1-A-1',NULL,'Paper - Bondpaper, Multi-Purpose, Letter,Substance 20','ream','1','147','147','1',NULL,NULL,NULL,NULL,NULL,'1',NULL,NULL,NULL,NULL,NULL,NULL,'pending',NULL,'2019-06-17 00:26:57','2019-06-27 19:56:09'),(1150,'0618','1','6',NULL,'1-C',NULL,'Paper Cutter','pc','1','800','800','1',NULL,NULL,NULL,NULL,NULL,'1',NULL,NULL,NULL,NULL,NULL,NULL,'pending',NULL,'2019-06-17 00:41:40','2019-06-27 19:56:19'),(1151,'0618','1','6',NULL,'1-C',NULL,'WhiteBoard 3x4 feet','pc','1','2100','2100','2',NULL,NULL,NULL,NULL,NULL,'1',NULL,NULL,NULL,NULL,NULL,NULL,'pending',NULL,'2019-06-17 00:44:41','2019-06-27 19:56:19'),(1152,'0618','1','6',NULL,'1-A-3',NULL,'Evolis printer ribbon (colored)','pc','2','4500','9000','2',NULL,NULL,NULL,NULL,NULL,'2',NULL,NULL,NULL,NULL,NULL,NULL,'pending',NULL,'2019-06-17 00:47:52','2019-06-27 19:56:11'),(1153,'0618','1','6',NULL,'1-A-3',NULL,'Evolis printer ribbon (black)','pc','1','3500','3500','2',NULL,NULL,NULL,NULL,NULL,'1',NULL,NULL,NULL,NULL,NULL,NULL,'pending',NULL,'2019-06-17 00:49:31','2019-06-27 19:56:11'),(1154,'0618','1','6',NULL,'1-A-3',NULL,'PVC ID Card','pc','3','1000','3000','2',NULL,NULL,NULL,NULL,NULL,'3',NULL,NULL,NULL,NULL,NULL,NULL,'pending',NULL,'2019-06-17 00:51:58','2019-06-27 19:56:11'),(1155,'0618','1','6',NULL,'1-A-3',NULL,'Toner-printer (1 unit) (Brother MFC-L5900DW)','pc','3','6000','18000','2',NULL,NULL,NULL,NULL,NULL,'3',NULL,NULL,NULL,NULL,NULL,NULL,'pending',NULL,'2019-06-17 00:57:15','2019-06-27 19:56:11'),(1156,'0618','1','6',NULL,'1-A-3',NULL,'HP 933XL High Yield Magenta Original Ink Cartridge','pc','3','1000','3000','2',NULL,NULL,NULL,NULL,NULL,'3',NULL,NULL,NULL,NULL,NULL,NULL,'pending',NULL,'2019-06-17 16:40:54','2019-06-27 19:56:11'),(1157,'0618','1','6',NULL,'1-A-3',NULL,'HP 933XL High Yield Cyan Original Ink Cartridge','pc','3','1000','3000','2',NULL,NULL,NULL,NULL,NULL,'3',NULL,NULL,NULL,NULL,NULL,NULL,'pending',NULL,'2019-06-17 16:43:56','2019-06-27 19:56:11'),(1158,'0618','1','6',NULL,'1-A-3',NULL,'HP 933XL High Yield Yellow Original Ink Cartridge','pc','3','1000','3000','2',NULL,NULL,NULL,NULL,NULL,'3',NULL,NULL,NULL,NULL,NULL,NULL,'pending',NULL,'2019-06-17 16:47:32','2019-06-27 19:56:11'),(1159,'0618','1','6',NULL,'1-A-3',NULL,'HP 933XL High Yield Black Original Ink Cartridge','pc','3','1000','3000','2',NULL,NULL,NULL,NULL,NULL,'3',NULL,NULL,NULL,NULL,NULL,NULL,'pending',NULL,'2019-06-17 16:52:44','2019-06-27 19:56:11'),(1160,'201900282','27','6',NULL,NULL,NULL,'Duplex Wire','m','5','25','125',NULL,NULL,NULL,NULL,NULL,NULL,'5',NULL,NULL,NULL,NULL,NULL,NULL,'approve',NULL,'2019-06-17 22:18:27','2019-06-17 23:21:21'),(1161,'0618','1','6',NULL,'1-C',NULL,'stamp, Name of Sir Joel O. Saquilon','pc','1','300','300','1',NULL,NULL,NULL,NULL,NULL,'1',NULL,NULL,NULL,NULL,NULL,NULL,'pending',NULL,'2019-06-17 22:30:36','2019-06-27 19:56:19'),(1162,'0618','1','6',NULL,'1-C',NULL,'stamp, Name of Sir  Garizaldy B. Epistola','pc','1','300','300','2',NULL,NULL,NULL,NULL,NULL,'1',NULL,NULL,NULL,NULL,NULL,NULL,'pending',NULL,'2019-06-17 22:33:32','2019-06-27 19:56:19'),(1163,'201900282','27','6',NULL,NULL,NULL,'Coupling 1/4','pc','5','8.50','42.5',NULL,NULL,NULL,NULL,NULL,NULL,'5',NULL,NULL,NULL,NULL,NULL,NULL,'approve',NULL,'2019-06-17 22:40:50','2019-06-17 23:21:21'),(1164,'201900282','27','6',NULL,NULL,NULL,'Elbow 1/4','pc','5','9.50','47.5',NULL,NULL,NULL,NULL,NULL,NULL,'5',NULL,NULL,NULL,NULL,NULL,NULL,'approve',NULL,'2019-06-17 22:41:34','2019-06-17 23:21:21'),(1165,'201900282','27','6',NULL,NULL,NULL,'Coupling 3/8','pc','5','11.50','57.5','1',NULL,NULL,NULL,NULL,NULL,'5',NULL,NULL,NULL,NULL,NULL,NULL,'approve',NULL,'2019-06-17 22:42:09','2019-06-17 23:21:21'),(1166,'201900282','27','6',NULL,NULL,NULL,'Elbow 3/8','pc','5','12.50','62.5','1',NULL,NULL,NULL,NULL,NULL,'5',NULL,NULL,NULL,NULL,NULL,NULL,'approve',NULL,'2019-06-17 22:46:16','2019-06-17 23:21:21'),(1167,'201900282','27','6',NULL,NULL,NULL,'Map Gas','pc','1','465','465',NULL,NULL,NULL,NULL,NULL,NULL,'1',NULL,NULL,NULL,NULL,NULL,NULL,'approve',NULL,'2019-06-17 22:47:43','2019-06-17 23:21:21'),(1168,'201900282','27','6',NULL,NULL,NULL,'Charol','pc','2','100','200','1',NULL,NULL,NULL,NULL,NULL,'2',NULL,NULL,NULL,NULL,NULL,NULL,'approve',NULL,'2019-06-17 22:55:44','2019-06-17 23:21:21'),(1169,'201900282','27','6',NULL,NULL,NULL,'Copper Tube 1/4.028','ft','23','23','529',NULL,NULL,NULL,NULL,NULL,NULL,'23',NULL,NULL,NULL,NULL,NULL,NULL,'approve',NULL,'2019-06-17 22:57:11','2019-06-17 23:21:21'),(1170,'201900282','27','6',NULL,NULL,NULL,'Copper Tube 3/8.028','ft','20','36','720','1',NULL,NULL,NULL,NULL,NULL,'20',NULL,NULL,NULL,NULL,NULL,NULL,'approve',NULL,'2019-06-17 22:59:13','2019-06-17 23:21:21'),(1171,'201900282','27','6',NULL,NULL,NULL,'Rubber Insulator 1/4x3/8','lgt','8','29','232',NULL,NULL,NULL,NULL,NULL,NULL,'8',NULL,NULL,NULL,NULL,NULL,NULL,'approve',NULL,'2019-06-17 22:59:58','2019-06-17 23:21:22'),(1172,'201900282','27','6',NULL,NULL,NULL,'Pipe 3/4','lgt','2','106','212','1',NULL,NULL,NULL,NULL,NULL,'2',NULL,NULL,NULL,NULL,NULL,NULL,'approve',NULL,'2019-06-17 23:01:03','2019-06-17 23:21:22'),(1173,'201900282','27','6',NULL,NULL,NULL,'Automotive Wire','m','7','25','175',NULL,NULL,NULL,NULL,NULL,NULL,'7',NULL,NULL,NULL,NULL,NULL,NULL,'approve',NULL,'2019-06-17 23:01:48','2019-06-17 23:21:22'),(1174,'201900282','27','6',NULL,NULL,NULL,'Solvent Cement','can','1','105','105','1',NULL,NULL,NULL,NULL,NULL,'1',NULL,NULL,NULL,NULL,NULL,NULL,'approve',NULL,'2019-06-17 23:02:23','2019-06-17 23:21:22'),(1175,'201900282','27','6',NULL,NULL,NULL,'Expansion Shield 3/8','pc','4','21.60','86.4',NULL,NULL,NULL,NULL,NULL,NULL,'4',NULL,NULL,NULL,NULL,NULL,NULL,'approve',NULL,'2019-06-17 23:03:15','2019-06-17 23:21:22'),(1176,'201900282','27','6',NULL,NULL,NULL,'Log Screw 3/8X3','pc','4','21.60','86.4','1',NULL,NULL,NULL,NULL,NULL,'4',NULL,NULL,NULL,NULL,NULL,NULL,'approve',NULL,'2019-06-17 23:04:02','2019-06-17 23:21:22'),(1177,'201900282','27','6',NULL,NULL,NULL,'Screw Metal 5MMX65MM','pc','4','6','24',NULL,NULL,NULL,NULL,NULL,NULL,'4',NULL,NULL,NULL,NULL,NULL,NULL,'approve',NULL,'2019-06-17 23:04:43','2019-06-17 23:21:22'),(1178,'201900282','27','6',NULL,NULL,NULL,'Elbow Plain 3/4X90','pc','3','16.70','50.099999999999994','1',NULL,NULL,NULL,NULL,NULL,'3',NULL,NULL,NULL,NULL,NULL,NULL,'approve',NULL,'2019-06-17 23:05:56','2019-06-17 23:21:22'),(1179,'201900282','27','6',NULL,NULL,NULL,'THHN Wire #12','m','19','19','361',NULL,NULL,NULL,NULL,NULL,NULL,'19',NULL,NULL,NULL,NULL,NULL,NULL,'approve',NULL,'2019-06-17 23:10:09','2019-06-17 23:21:22'),(1180,'201900282','27','6',NULL,NULL,NULL,'Flexible Hose 1/2','m','7','6.50','45.5',NULL,NULL,NULL,NULL,NULL,NULL,'7',NULL,NULL,NULL,NULL,NULL,NULL,'approve',NULL,'2019-06-17 23:12:35','2019-06-17 23:21:22'),(1181,'201900282','27','6',NULL,NULL,NULL,'Fastener #3','pc','10','40','400','2',NULL,NULL,NULL,NULL,NULL,'10',NULL,NULL,NULL,NULL,NULL,NULL,'approve',NULL,'2019-06-17 23:14:18','2019-06-25 00:29:24'),(1182,'201900282','27','6',NULL,NULL,NULL,'4 Gang Outlet','pc','1','85','85',NULL,NULL,NULL,NULL,NULL,NULL,'1',NULL,NULL,NULL,NULL,NULL,NULL,'approve',NULL,'2019-06-17 23:15:09','2019-06-17 23:21:22'),(1183,'201900282','27','6',NULL,NULL,NULL,'Rubber Plug','pc','1','25','25','1',NULL,NULL,NULL,NULL,NULL,'1',NULL,NULL,NULL,NULL,NULL,NULL,'approve',NULL,'2019-06-17 23:17:24','2019-06-17 23:21:22'),(1184,'201900282','27','6',NULL,NULL,NULL,'Rubber Cement','bot','1','55','55',NULL,NULL,NULL,NULL,NULL,NULL,'1',NULL,NULL,NULL,NULL,NULL,NULL,'approve',NULL,'2019-06-17 23:20:38','2019-06-17 23:21:22'),(1185,'201900282','27','6',NULL,NULL,NULL,'Moulding 3/6X8','pc','5','64.40','322','1',NULL,NULL,NULL,NULL,NULL,'5',NULL,NULL,NULL,NULL,NULL,NULL,'approve',NULL,'2019-06-17 23:21:22','2019-06-17 23:21:22'),(1186,'199000052','1','6',NULL,'1-A-3',NULL,'Resograph Master roll','roll','1','3770','3770','1',NULL,NULL,NULL,NULL,NULL,'1',NULL,NULL,NULL,NULL,NULL,NULL,'pending',NULL,'2019-06-18 16:54:40','2019-06-27 19:56:12'),(1187,'199000052','1','6',NULL,'1-A-3',NULL,'Resograph  Ink','tube','12','778','9336','1',NULL,NULL,NULL,NULL,NULL,'12',NULL,NULL,NULL,NULL,NULL,NULL,'pending',NULL,'2019-06-18 16:54:40','2019-06-27 19:56:12'),(1193,'0454','1','6',NULL,'1-A-1',NULL,'Clip - Paper, 48mm, 100','box','5','15.5','77.5','1',NULL,NULL,NULL,NULL,NULL,NULL,'5',NULL,NULL,NULL,NULL,NULL,'pending',NULL,'2019-06-25 00:46:10','2019-06-27 19:56:09'),(1194,'0454','1','6',NULL,'1-A-1',NULL,'Pen - Highlighter, Neon Orange','pc','10','20','200','1',NULL,NULL,NULL,NULL,NULL,'10',NULL,NULL,NULL,NULL,NULL,NULL,'pending',NULL,'2019-06-25 01:01:03','2019-06-27 19:56:09'),(1197,'0454','7','6',NULL,NULL,NULL,'7-in-1 Multifunction USB-C Hub 3.0 for Laptop with Power Delivery 4K HD Output Port SD / TF Card Reader PD Charging Port and 3 USB 3.0 Ports','pc','1','1419','1419','1',NULL,NULL,NULL,NULL,NULL,NULL,'1',NULL,NULL,NULL,NULL,NULL,'approve',NULL,'2019-06-26 22:55:10','2019-06-27 18:35:20'),(1198,'0454','7','6',NULL,NULL,NULL,'1080P HDMI Male to VGA Female Video Converter Adapter Cable For PC/DVD/PS3','pc','3','129','387','1',NULL,NULL,NULL,NULL,NULL,NULL,'3',NULL,NULL,NULL,NULL,NULL,'approve',NULL,'2019-06-26 22:55:10','2019-06-27 18:35:20'),(1199,'0454','7','6',NULL,NULL,NULL,'ASUS VS197DE 18.5\" Monitor, 1366x768, D-Sub','pc','2','4199','8398','2',NULL,NULL,NULL,NULL,NULL,NULL,'2',NULL,NULL,NULL,NULL,NULL,'approve',NULL,'2019-06-26 22:57:20','2019-06-27 18:35:20'),(1200,'0454','7','6',NULL,NULL,NULL,'All In One USB 2.0 Multi Memory Card Reader For Micro SD/TF M2 MMC SDHC MS','pc','2','99','198','1',NULL,NULL,NULL,NULL,NULL,NULL,'2',NULL,NULL,NULL,NULL,NULL,'approve',NULL,'2019-06-26 22:58:03','2019-06-27 18:35:20'),(1201,'0454','7','6',NULL,NULL,NULL,'San-Disk Ultra (64GB) MicroSDHC UHS-I Class1 0 U1 A1 App Performance Memory Card','pc','2','399','798','2',NULL,NULL,NULL,NULL,NULL,NULL,'2',NULL,NULL,NULL,NULL,NULL,'approve',NULL,'2019-06-26 22:58:41','2019-06-27 18:35:20'),(1202,'0454','7','6',NULL,NULL,NULL,'Uninterruptable Power Supply','unit','10','14999','149990','1',NULL,NULL,NULL,NULL,NULL,'10',NULL,NULL,NULL,NULL,NULL,NULL,'approve',NULL,'2019-06-27 18:20:09','2019-06-27 18:35:20'),(1203,'0454','7','6',NULL,NULL,NULL,'Automatic Voltage Regulator(AVR)','unit','10','8500','85000','2',NULL,NULL,NULL,NULL,NULL,'10',NULL,NULL,NULL,NULL,NULL,NULL,'approve',NULL,'2019-06-27 18:31:08','2019-06-27 18:35:20');
/*!40000 ALTER TABLE `item` ENABLE KEYS */;
UNLOCK TABLES;

--
-- Table structure for table `migrations`
--

DROP TABLE IF EXISTS `migrations`;
/*!40101 SET @saved_cs_client     = @@character_set_client */;
/*!40101 SET character_set_client = utf8 */;
CREATE TABLE `migrations` (
  `id` int(10) unsigned NOT NULL AUTO_INCREMENT,
  `migration` varchar(255) COLLATE utf8mb4_unicode_ci NOT NULL,
  `batch` int(11) NOT NULL,
  PRIMARY KEY (`id`)
) ENGINE=InnoDB AUTO_INCREMENT=53 DEFAULT CHARSET=utf8mb4 COLLATE=utf8mb4_unicode_ci;
/*!40101 SET character_set_client = @saved_cs_client */;

--
-- Dumping data for table `migrations`
--

LOCK TABLES `migrations` WRITE;
/*!40000 ALTER TABLE `migrations` DISABLE KEYS */;
INSERT INTO `migrations` VALUES (24,'2019_05_22_081031_create_expense_code',1),(46,'2014_10_12_000000_create_users_table',2),(47,'2014_10_12_100000_create_password_resets_table',2),(48,'2019_05_22_081031_create_expense',2),(49,'2019_05_23_042748_create_charge_to',2),(50,'2019_05_27_050408_create_pap',2),(51,'2019_05_28_014538_create_item',2),(52,'2019_06_06_032429_create_mode_procurement',3);
/*!40000 ALTER TABLE `migrations` ENABLE KEYS */;
UNLOCK TABLES;

--
-- Table structure for table `mode_procurement`
--

DROP TABLE IF EXISTS `mode_procurement`;
/*!40101 SET @saved_cs_client     = @@character_set_client */;
/*!40101 SET character_set_client = utf8 */;
CREATE TABLE `mode_procurement` (
  `id` int(10) unsigned NOT NULL AUTO_INCREMENT,
  `description` text COLLATE utf8mb4_unicode_ci DEFAULT NULL,
  `status` text COLLATE utf8mb4_unicode_ci DEFAULT NULL,
  `remember_token` varchar(100) COLLATE utf8mb4_unicode_ci DEFAULT NULL,
  `created_at` timestamp NULL DEFAULT NULL,
  `updated_at` timestamp NULL DEFAULT NULL,
  PRIMARY KEY (`id`)
) ENGINE=InnoDB AUTO_INCREMENT=3 DEFAULT CHARSET=utf8mb4 COLLATE=utf8mb4_unicode_ci;
/*!40101 SET character_set_client = @saved_cs_client */;

--
-- Dumping data for table `mode_procurement`
--

LOCK TABLES `mode_procurement` WRITE;
/*!40000 ALTER TABLE `mode_procurement` DISABLE KEYS */;
INSERT INTO `mode_procurement` VALUES (1,'Small Value',NULL,NULL,NULL,NULL),(2,'Canvass',NULL,NULL,NULL,NULL);
/*!40000 ALTER TABLE `mode_procurement` ENABLE KEYS */;
UNLOCK TABLES;

--
-- Table structure for table `pap`
--

DROP TABLE IF EXISTS `pap`;
/*!40101 SET @saved_cs_client     = @@character_set_client */;
/*!40101 SET character_set_client = utf8 */;
CREATE TABLE `pap` (
  `id` int(10) unsigned NOT NULL AUTO_INCREMENT,
  `description` text COLLATE utf8mb4_unicode_ci DEFAULT NULL,
  `code` text COLLATE utf8mb4_unicode_ci DEFAULT NULL,
  `status` text CHARACTER SET utf8mb4 DEFAULT NULL,
  `remember_token` varchar(100) COLLATE utf8mb4_unicode_ci DEFAULT NULL,
  `created_at` timestamp NULL DEFAULT NULL,
  `updated_at` timestamp NULL DEFAULT NULL,
  PRIMARY KEY (`id`)
) ENGINE=InnoDB AUTO_INCREMENT=11 DEFAULT CHARSET=utf8mb4 COLLATE=utf8mb4_unicode_ci;
/*!40101 SET character_set_client = @saved_cs_client */;

--
-- Dumping data for table `pap`
--

LOCK TABLES `pap` WRITE;
/*!40000 ALTER TABLE `pap` DISABLE KEYS */;
INSERT INTO `pap` VALUES (1,'PAP1','PAP-001',NULL,NULL,NULL,NULL),(2,'PAP2','PAP-002',NULL,NULL,NULL,NULL),(3,'PAP3','PAP-003',NULL,NULL,NULL,NULL),(4,'PAP4','PAP-004',NULL,NULL,NULL,NULL),(5,'PAP5','PAP-005',NULL,NULL,NULL,NULL),(6,'PAP6','PAP-006',NULL,NULL,NULL,NULL),(7,'PAP7','PAP-007',NULL,NULL,NULL,NULL),(8,'PAP8','PAP-008',NULL,NULL,NULL,NULL),(9,'PAP9','PAP-009',NULL,NULL,NULL,NULL),(10,'PAP10','PAP-0010',NULL,NULL,NULL,NULL);
/*!40000 ALTER TABLE `pap` ENABLE KEYS */;
UNLOCK TABLES;

--
-- Table structure for table `password_resets`
--

DROP TABLE IF EXISTS `password_resets`;
/*!40101 SET @saved_cs_client     = @@character_set_client */;
/*!40101 SET character_set_client = utf8 */;
CREATE TABLE `password_resets` (
  `email` varchar(255) COLLATE utf8mb4_unicode_ci NOT NULL,
  `token` varchar(255) COLLATE utf8mb4_unicode_ci NOT NULL,
  `created_at` timestamp NULL DEFAULT NULL,
  KEY `password_resets_email_index` (`email`)
) ENGINE=InnoDB DEFAULT CHARSET=utf8mb4 COLLATE=utf8mb4_unicode_ci;
/*!40101 SET character_set_client = @saved_cs_client */;

--
-- Dumping data for table `password_resets`
--

LOCK TABLES `password_resets` WRITE;
/*!40000 ALTER TABLE `password_resets` DISABLE KEYS */;
/*!40000 ALTER TABLE `password_resets` ENABLE KEYS */;
UNLOCK TABLES;

--
-- Table structure for table `users`
--

DROP TABLE IF EXISTS `users`;
/*!40101 SET @saved_cs_client     = @@character_set_client */;
/*!40101 SET character_set_client = utf8 */;
CREATE TABLE `users` (
  `id` int(10) unsigned NOT NULL AUTO_INCREMENT,
  `name` varchar(255) COLLATE utf8mb4_unicode_ci NOT NULL,
  `email` varchar(255) COLLATE utf8mb4_unicode_ci NOT NULL,
  `password` varchar(255) COLLATE utf8mb4_unicode_ci NOT NULL,
  `remember_token` varchar(100) COLLATE utf8mb4_unicode_ci DEFAULT NULL,
  `created_at` timestamp NULL DEFAULT NULL,
  `updated_at` timestamp NULL DEFAULT NULL,
  PRIMARY KEY (`id`),
  UNIQUE KEY `users_email_unique` (`email`)
) ENGINE=InnoDB DEFAULT CHARSET=utf8mb4 COLLATE=utf8mb4_unicode_ci;
/*!40101 SET character_set_client = @saved_cs_client */;

--
-- Dumping data for table `users`
--

LOCK TABLES `users` WRITE;
/*!40000 ALTER TABLE `users` DISABLE KEYS */;
/*!40000 ALTER TABLE `users` ENABLE KEYS */;
UNLOCK TABLES;

--
-- Dumping events for database 'ppmp'
--

--
-- Dumping routines for database 'ppmp'
--
/*!40103 SET TIME_ZONE=@OLD_TIME_ZONE */;

/*!40101 SET SQL_MODE=@OLD_SQL_MODE */;
/*!40014 SET FOREIGN_KEY_CHECKS=@OLD_FOREIGN_KEY_CHECKS */;
/*!40014 SET UNIQUE_CHECKS=@OLD_UNIQUE_CHECKS */;
/*!40101 SET CHARACTER_SET_CLIENT=@OLD_CHARACTER_SET_CLIENT */;
/*!40101 SET CHARACTER_SET_RESULTS=@OLD_CHARACTER_SET_RESULTS */;
/*!40101 SET COLLATION_CONNECTION=@OLD_COLLATION_CONNECTION */;
/*!40111 SET SQL_NOTES=@OLD_SQL_NOTES */;

-- Dump completed on 2019-06-28 17:53:31
